symbol,name,sub_industry,market_cap,ebitda_margin,net_margin,roe,price_to_earnings,earnings_yield,sustainable_growth,rank_margin,rank_roe,rank_earnings_yield,composite_rank,classification
NVDA,Nvidia,Semiconductors,5418828431360.0,0.6643100079485204,0.6511568638206854,0.8615417806981355,27.467564,0.03640657759093598,0.7526852922981355,0.9821428571428571,0.9285714285714286,0.6607142857142857,0.8571428571428571,quality at a discount
MU,Micron Technology,Semiconductors,1079790206976.0,0.7557215085814368,0.5669860589908794,0.5079863416192627,21.096205,0.04740189052959999,0.5015563912192627,1.0,0.8214285714285714,0.7321428571428571,0.8511904761904762,quality at a discount
ADBE,Adobe Inc.,Application Software,111216525312.0,0.3861020829816048,0.2697535481611209,0.5923719660471576,16.361988,0.061117267657206445,0.5923719660471576,0.75,0.8571428571428571,0.8928571428571429,0.8333333333333334,quality at a discount
GEN,Gen Digital,Systems Software,18346690560.0,0.47450283816364514,0.20624674388254485,0.3946774650134182,17.514286,0.057096247029425014,0.2792388152134182,0.8928571428571429,0.75,0.8571428571428571,0.8333333333333334,quality at a discount
PTC,PTC Inc.,Application Software,16181539840.0,0.43194923040977934,0.36989453791993565,0.3213248318493145,14.809336,0.06752497208517654,0.3213248318493145,0.7857142857142857,0.6428571428571429,0.9464285714285714,0.7916666666666666,quality at a discount
ORCL,Oracle Corporation,Application Software,419828662272.0,0.4527220225001979,0.257440725626072,0.4616564214460853,24.210964,0.041303601128810895,0.30294093404608535,0.875,0.7857142857142857,0.6785714285714286,0.7797619047619048,quality at a discount
MSFT,Microsoft,Systems Software,3689159589888.0,0.5853350374961176,0.40144250831286993,0.30118358070736073,27.693422,0.03610965809859106,0.24029571150736073,0.9642857142857143,0.5892857142857143,0.6428571428571429,0.7321428571428572,quality at a discount
FSLR,First Solar,Semiconductors,21773379584.0,0.4436348875234644,0.32871971668311945,0.17129885166663827,12.31611,0.08119446805850224,0.17129885166663827,0.8392857142857143,0.3392857142857143,0.9821428571428571,0.7202380952380952,cheap on price alone
AAPL,Apple Inc.,"Technology Hardware, Storage & Peripherals",4742524698624.0,0.35979163317887786,0.2722987336903004,1.1834239383172427,37.308838,0.026803300601321328,1.0377217707172426,0.6607142857142857,0.9642857142857143,0.5,0.7083333333333334,quality at a discount
KLAC,KLA Corporation,Semiconductor Materials & Equipment,225065746432.0,0.44587563767723176,0.35503264524555905,0.7595718828764075,46.682926,0.021421108008525428,0.5680930776764075,0.8571428571428571,0.8928571428571429,0.3392857142857143,0.6964285714285715,"quality, fully priced"
NXPI,NXP Semiconductors,Semiconductors,57619513344.0,0.38437619145644636,0.22414592323851204,0.2593666398824902,19.496586,0.05129103115796786,0.1673335350824902,0.7321428571428571,0.5178571428571429,0.8035714285714286,0.6845238095238096,quality at a discount
TXN,Texas Instruments,Semiconductors,232695513088.0,0.4893846885519196,0.3107849674254317,0.335648731160605,38.489426,0.025981161683211382,0.04626476636060499,0.9107142857142857,0.6785714285714286,0.42857142857142855,0.6726190476190476,"quality, fully priced"
NTAP,NetApp,"Technology Hardware, Storage & Peripherals",35473268736.0,0.27205776277972155,0.17767348287326434,0.909618457836029,28.830942,0.03468495757093195,0.610651668036029,0.4107142857142857,0.9464285714285714,0.625,0.6607142857142857,cheap on price alone
QCOM,Qualcomm,Semiconductors,181527560192.0,0.27227757005787934,0.21618598281948692,0.3408873772870227,19.053812,0.05248293622294583,0.19734336888702267,0.42857142857142855,0.6964285714285714,0.8214285714285714,0.6488095238095238,cheap on price alone
MSI,Motorola Solutions,Communications Equipment,79258288128.0,0.30710143264435735,0.17134971281216066,0.7847630946483297,37.799526,0.026455358196819715,0.49109273194832964,0.5357142857142857,0.9107142857142857,0.4642857142857143,0.6369047619047619,"quality, fully priced"
STX,Seagate Technology,"Technology Hardware, Storage & Peripherals",183251140608.0,0.36916768258559896,0.25796026521878945,1.452642614454125,58.25216,0.01716674540480559,1.1480121624541249,0.6785714285714286,1.0,0.21428571428571427,0.6309523809523809,"quality, fully priced"
ROP,Roper Technologies,Electronic Equipment & Instruments,41121992704.0,0.3910486250855989,0.28510604939993744,0.12624086224325068,17.418936,0.05740878776981557,0.10710972319325068,0.7678571428571429,0.25,0.875,0.6309523809523809,cheap on price alone
FTNT,Fortinet,Systems Software,113388101632.0,0.3448468348695006,0.2758468426297399,1.3386944016193445,54.607773,0.01831241131184749,1.3386944016193445,0.6428571428571429,0.9821428571428571,0.23214285714285715,0.6190476190476191,"quality, fully priced"
ADSK,Autodesk,Application Software,50521567232.0,0.29345314478972856,0.20229266033177515,0.46580589700209113,32.05968,0.03119182724219331,0.46580589700209113,0.4642857142857143,0.8035714285714286,0.5535714285714286,0.6071428571428571,cheap on price alone
LRCX,Lam Research,Semiconductor Materials & Equipment,360780857344.0,0.3719469275342966,0.3096970302094895,0.5769037949959126,50.14261,0.01994311823816112,0.4467302159959126,0.7142857142857143,0.8392857142857143,0.25,0.6011904761904762,"quality, fully priced"
INTU,Intuit,Application Software,93806780416.0,0.31933047955427873,0.2097950323088587,0.235592363101499,20.847416,0.047967575453955545,0.157008491101499,0.5535714285714286,0.48214285714285715,0.75,0.5952380952380952,cheap on price alone
AVGO,Broadcom,Semiconductors,1747173769216.0,0.5576624845382541,0.3801525030225466,0.3271839502948279,60.902153,0.016419780758818166,0.18770050129482788,0.9464285714285714,0.6607142857142857,0.16071428571428573,0.5892857142857143,"quality, fully priced"
AMAT,Applied Materials,Semiconductor Materials & Equipment,347960737792.0,0.32931220551093765,0.29569787273639564,0.3558266819775818,38.16014,0.0262053545925146,0.29065038117758185,0.5892857142857143,0.7142857142857143,0.44642857142857145,0.5833333333333334,"quality, fully priced"
CDW,CDW,Technology Distributors,18586339328.0,0.08556875226680322,0.043728750692136956,0.4217547751694176,18.086374,0.05529024225640806,0.29360412988941764,0.07142857142857142,0.7678571428571429,0.8392857142857143,0.5595238095238095,cheap on price alone
TER,Teradyne,Semiconductor Materials & Equipment,53409128448.0,0.33711546818406346,0.254962533106961,0.36249563486611625,46.925823,0.021310228272394923,0.33527898526611627,0.6071428571428571,0.7321428571428571,0.32142857142857145,0.5535714285714285,"quality, fully priced"
IBM,IBM,IT Consulting & Other Services,218292535296.0,0.23841089343313787,0.15380673363832545,0.30846639180856855,20.540781,0.048683640607433576,0.12345108628856856,0.2857142857142857,0.6071428571428571,0.7678571428571429,0.5535714285714285,cheap on price alone
CRM,Salesforce,Application Software,211453378560.0,0.2935727499988765,0.20454183019499478,0.234173961861474,23.528387,0.04250185106186837,0.19670775978147398,0.48214285714285715,0.4642857142857143,0.6964285714285714,0.5476190476190476,cheap on price alone
TEL,TE Connectivity,Electronic Manufacturing Services,58542469120.0,0.2562364297986999,0.14878720908956033,0.21735800998097382,20.363544,0.049107365594122515,0.15096531898097382,0.375,0.44642857142857145,0.7857142857142857,0.5357142857142857,cheap on price alone
ACN,Accenture,IT Consulting & Other Services,114849284096.0,0.17706789929075095,0.10464041187127024,0.23982655317561807,15.0144,0.06660272804774084,0.11487699571561806,0.16071428571428573,0.5,0.9285714285714286,0.5297619047619048,cheap on price alone
APH,Amphenol,Electronic Components,197375983616.0,0.3262040147436017,0.1699986756621689,0.31826861569215387,40.02,0.02498750624687656,0.24057224469215385,0.5714285714285714,0.625,0.39285714285714285,0.5297619047619048,"quality, fully priced"
ANET,Arista Networks,Communications Equipment,234713923584.0,0.4401563551044567,0.37809939967759276,0.2693258448296373,58.892406,0.016980117945936866,0.2693258448296373,0.8214285714285714,0.5535714285714286,0.19642857142857142,0.5238095238095238,"quality, fully priced"
CSCO,Cisco,Communications Equipment,431409725440.0,0.29413344388770235,0.20664133464894247,0.26071930264323606,32.968376,0.03033209764411811,0.12920827504323606,0.5,0.5357142857142857,0.5357142857142857,0.5238095238095237,quality at a discount
ADI,Analog Devices,Semiconductors,172364775424.0,0.4986909860183197,0.2956594809535858,0.12232990802842982,41.996456,0.023811533049360165,0.05862586778842981,0.9285714285714286,0.23214285714285715,0.375,0.511904761904762,expensive without the quality
SMCI,Supermicro,"Technology Hardware, Storage & Peripherals",24307718144.0,0.07229740734595863,0.054826894983783785,0.19505774297154999,11.349693,0.08810811006077433,0.19505774297154999,0.05357142857142857,0.39285714285714285,1.0,0.48214285714285715,cheap on price alone
PLTR,Palantir Technologies,Internet Services & Infrastructure,407222288384.0,0.4325301626031926,0.4567260633777883,0.28761061525313664,144.83762,0.006904283569420707,0.28761061525313664,0.8035714285714286,0.5714285714285714,0.05357142857142857,0.4761904761904762,"quality, fully priced"
CTSH,Cognizant,IT Consulting & Other Services,28558163968.0,0.186489235665418,0.09699057924290223,0.14564320528305788,13.605151,0.0735015730439155,0.10442805104305788,0.17857142857142858,0.2857142857142857,0.9642857142857143,0.4761904761904762,cheap on price alone
FFIV,"F5, Inc.",Communications Equipment,22145759232.0,0.27900010347443843,0.21457649708499543,0.18481673636646914,31.186602,0.032065051524369344,0.18481673636646914,0.44642857142857145,0.35714285714285715,0.5892857142857143,0.46428571428571425,cheap on price alone
JBL,Jabil,Electronic Manufacturing Services,31372208128.0,0.0713605190712582,0.024925538775510202,0.6330718500524357,37.470592,0.026687595434841272,0.6069781153524357,0.03571428571428571,0.875,0.48214285714285715,0.46428571428571425,expensive without the quality
CDNS,Cadence Design Systems,Application Software,84454768640.0,0.3693138602785304,0.23776470760100432,0.20239338770173987,60.847225,0.01643460322142875,0.20239338770173987,0.6964285714285714,0.4107142857142857,0.17857142857142858,0.4285714285714286,expensive without the quality
QRVO,Qorvo,Semiconductors,8877742080.0,0.24296138813347282,0.10433026791215344,0.10951315460132222,23.348028,0.0428301696400227,0.10951315460132222,0.32142857142857145,0.19642857142857142,0.7142857142857143,0.41071428571428575,cheap on price alone
EPAM,EPAM Systems,IT Consulting & Other Services,6045993984.0,0.13412544848991395,0.06759785092150171,0.1078989132821131,15.923912,0.06279863892741934,0.1078989132821131,0.08928571428571429,0.17857142857142858,0.9107142857142857,0.39285714285714285,cheap on price alone
KEYS,Keysight Technologies,Electronic Equipment & Instruments,54765072384.0,0.2716499438855192,0.1922407951365135,0.1925618810085429,43.281292,0.023104670720088486,0.1925618810085429,0.39285714285714285,0.375,0.35714285714285715,0.375,expensive without the quality
ZBRA,Zebra Technologies,Electronic Equipment & Instruments,16611245056.0,0.20249700806051366,0.09005774310045284,0.15354900278226238,31.54627,0.03169946874860324,0.15354900278226238,0.23214285714285715,0.30357142857142855,0.5714285714285714,0.36904761904761907,cheap on price alone
TDY,Teledyne Technologies,Electronic Equipment & Instruments,28108224512.0,0.24981174851233523,0.15053375850979617,0.0878831728709946,29.292751,0.03413813881803044,0.0878831728709946,0.3392857142857143,0.125,0.6071428571428571,0.35714285714285715,cheap on price alone
MPWR,Monolithic Power Systems,Semiconductors,59923009536.0,0.30560151326978907,0.24532780803044224,0.20613354320258404,74.62424,0.01340047148218863,0.10614690970258404,0.5178571428571429,0.42857142857142855,0.10714285714285714,0.3511904761904762,expensive without the quality
ON,ON Semiconductor,Semiconductors,28163307520.0,0.3372002745262284,0.09610787849046172,0.08251092552017252,47.281044,0.021150125196051084,0.08251092552017252,0.625,0.10714285714285714,0.30357142857142855,0.3452380952380952,expensive without the quality
AKAM,Akamai Technologies,Internet Services & Infrastructure,15103177728.0,0.24981250721007048,0.09042890931582452,0.08224976789799573,38.63603,0.025882576444836596,0.08224976789799573,0.35714285714285715,0.08928571428571429,0.4107142857142857,0.28571428571428575,expensive without the quality
ENPH,Enphase Energy,Semiconductor Materials & Equipment,4693777920.0,0.14436711189233256,0.10046359957770269,0.1129248668034034,35.168316,0.02843468535712657,0.1129248668034034,0.125,0.21428571428571427,0.5178571428571429,0.28571428571428575,cheap on price alone
GLW,Corning Inc.,Electronic Components,124151906304.0,0.24080405447749043,0.10917148216887533,0.15508909156571402,67.03721,0.01491708858408636,0.07503419356571402,0.30357142857142855,0.32142857142857145,0.14285714285714285,0.25595238095238093,expensive without the quality
TYL,Tyler Technologies,Application Software,15352187904.0,0.18871880977093114,0.1275936060125907,0.10201605971608825,49.521797,0.0201931282905586,0.10201605971608825,0.19642857142857142,0.16071428571428573,0.26785714285714285,0.20833333333333334,expensive without the quality
NOW,ServiceNow,Systems Software,141349617664.0,0.1966467355646507,0.11228476301930954,0.1321658630778233,85.45,0.011702750146284377,0.1321658630778233,0.21428571428571427,0.26785714285714285,0.08928571428571429,0.19047619047619047,expensive without the quality
HPE,Hewlett Packard Enterprise,"Technology Hardware, Storage & Peripherals",68633468928.0,0.14515132827219124,0.03652363557785067,0.05598283829745506,48.43925,0.020644415427571648,0.02561105125745506,0.14285714285714285,0.07142857142857142,0.2857142857142857,0.16666666666666666,expensive without the quality
AMD,Advanced Micro Devices,Semiconductors,746139025408.0,0.23149740303179578,0.15374234754736799,0.0944380981366707,117.49614,0.008510917890579214,0.0944380981366707,0.26785714285714285,0.14285714285714285,0.07142857142857142,0.1607142857142857,expensive without the quality
SNPS,Synopsys,Application Software,79715090432.0,0.22041029159521433,0.11681604442628074,0.03530417432975146,72.46864,0.013799072260773764,0.03530417432975146,0.25,0.05357142857142857,0.125,0.14285714285714285,expensive without the quality
PANW,Palo Alto Networks,Systems Software,267711201280.0,0.13986707029126783,0.08913402496346808,0.034085565253847816,283.17242,0.0035314173604901215,0.034085565253847816,0.10714285714285714,0.03571428571428571,0.03571428571428571,0.059523809523809514,expensive without the quality
CRWD,CrowdStrike,Systems Software,208288825344.0,0.01980321111489152,0.0075901209320617434,0.008789277357192017,5085.5,0.00019663749877101564,0.008789277357192017,0.017857142857142856,0.017857142857142856,0.017857142857142856,0.017857142857142856,expensive without the quality
