Symbol,Company,Sector,Sub Industry,Market Cap,Revenue,Net Income,EBITDA,Book Equity,EBITDA Margin,Net Margin,ROE,P/E,P/B,Earnings Yield,Dividend Yield,Payout Ratio,Sustainable Growth,Priced In Growth,Growth Gap,In Screen,Funding Verdict
MMM,3M,Industrials,Industrial Conglomerates,87028162560.0,25179999732.0,2882888466.0,6488000000.0,2951995181.0,0.257665,0.114491,0.97659,30.1878,29.4811,0.033126,0.0183,0.552437,0.437085,0.075093,0.361992,False,Outside screen
AOS,A. O. Smith,Industrials,Building Products,8053941760.0,3804900165.0,487911760.0,783699968.0,1841833046.0,0.205971,0.128232,0.264906,16.507,4.3728,0.06058,0.0246,0.406071,0.157335,0.062739,0.094596,True,Funds more growth than the price implies
ABT,Abbott Laboratories,Health Care,Health Care Equipment,191155453952.0,46585002215.0,5433403869.0,11681000448.0,51110335055.0,0.250746,0.116634,0.106307,35.1815,3.7401,0.028424,0.0231,0.812693,0.019912,0.077209,-0.057297,True,Priced above what the balance sheet can fund
ACN,Accenture,Information Technology,IT Consulting & Other Services,114849284096.0,73100587988.0,7649275635.0,12943767552.0,31895032197.0,0.177068,0.10464,0.239827,15.0144,3.6009,0.066603,0.0347,0.521,0.114877,0.060029,0.054848,True,Funds more growth than the price implies
ADBE,Adobe Inc.,Information Technology,Application Software,111216525312.0,25198000417.0,6797250019.0,9729000448.0,11474631709.0,0.386102,0.269754,0.592372,16.362,9.6924,0.061117,0.0,0.0,0.592372,0.062497,0.529875,False,Outside screen
AMD,Advanced Micro Devices,Information Technology,Semiconductors,746139025408.0,41305000656.0,6350327766.0,9562000384.0,67243285342.0,0.231497,0.153742,0.094438,117.4961,11.0961,0.008511,0.0,0.0,0.094438,0.08617,0.008268,False,Outside screen
AES,AES Corporation,Utilities,Independent Power Producers & Energy Traders,10558892032.0,13054000053.0,1904881198.0,4070000128.0,4944129470.0,0.311782,0.145923,0.385281,5.5431,2.1356,0.180405,0.0477,0.264405,0.283411,0.008818,0.274594,True,Funds more growth than the price implies
AFL,Aflac,Financials,Life & Health Insurance,58777485312.0,18069000686.0,4647452140.0,6064999936.0,30257070660.0,0.335658,0.257206,0.153599,12.6472,1.9426,0.079069,0.021,0.265592,0.112804,0.054419,0.058385,True,Funds more growth than the price implies
A,Agilent Technologies,Health Care,Life Sciences Tools & Services,42686803968.0,7372000804.0,1443664947.0,2099000064.0,7362973323.0,0.284726,0.195831,0.196071,29.5684,5.7975,0.03382,0.0068,0.201065,0.156648,0.074781,0.081867,True,Funds more growth than the price implies
ABNB,Airbnb,Consumer Discretionary,"Hotels, Resorts & Cruise Lines",109733453824.0,13159000018.0,2622681042.0,2760999936.0,7915346888.0,0.209818,0.199307,0.331341,41.8402,13.8634,0.0239,0.0,0.0,0.331341,0.079245,0.252096,True,Funds more growth than the price implies
AKAM,Akamai Technologies,Information Technology,Internet Services & Infrastructure,15103177728.0,4322833937.0,390909158.0,1079897984.0,4752708270.0,0.249813,0.090429,0.08225,38.636,3.1778,0.025883,0.0,0.0,0.08225,0.078353,0.003897,True,Broadly consistent
ALGN,Align Technology,Health Care,Health Care Supplies,11305992192.0,4139531902.0,420555914.0,910062016.0,4220264747.0,0.219847,0.101595,0.099652,26.8834,2.679,0.037198,0.0,0.0,0.099652,0.073261,0.02639,True,Funds more growth than the price implies
ALLE,Allegion,Industrials,Building Products,13186654208.0,4288500007.0,647980300.0,1049299968.0,2118011052.0,0.244678,0.151097,0.305938,20.3504,6.226,0.049139,0.014,0.284906,0.218775,0.067887,0.150887,True,Funds more growth than the price implies
LNT,Alliant Energy,Utilities,Electric Utilities,17563944960.0,4429000127.0,819339623.0,1828999936.0,7529109143.0,0.41296,0.184994,0.108823,21.4367,2.3328,0.046649,0.0315,0.675256,0.03534,0.069008,-0.033668,True,Priced above what the balance sheet can fund
ALL,Allstate,Financials,Property & Casualty Insurance,65576181760.0,70137006105.0,12701055024.0,17116000256.0,31554399073.0,0.244037,0.181089,0.402513,5.163,2.0782,0.193684,0.0168,0.086739,0.367599,0.002842,0.364757,False,Outside screen
GOOGL,Alphabet Inc. (Class A),Communication Services,Interactive Media & Services,4122955743232.0,445865983470.0,245332499434.0,173164003328.0,622454802583.0,0.388377,0.550238,0.394137,16.8056,6.6237,0.059504,0.0026,0.043695,0.376915,0.063223,0.313692,True,Funds more growth than the price implies
AMZN,Amazon,Consumer Discretionary,Broadline Retail,2750293999616.0,775680027220.0,134181729372.0,168911994880.0,551784605598.0,0.21776,0.172986,0.243178,20.4968,4.9844,0.048788,0.0,0.0,0.243178,0.068045,0.175132,True,Funds more growth than the price implies
AMTM,Amentum,Industrials,Diversified Support Services,4865677824.0,14130000090.0,202940331.0,1006000000.0,4698679699.0,0.071196,0.014362,0.043191,23.9759,1.0355,0.041709,0.0,0.0,0.043191,0.071231,-0.02804,True,Priced above what the balance sheet can fund
AEE,Ameren,Utilities,Multi-Utilities,29314932736.0,8410999638.0,1572469713.0,3910000128.0,13689067510.0,0.464867,0.186954,0.11487,18.6426,2.1415,0.053641,0.0283,0.527586,0.054266,0.065862,-0.011595,True,Broadly consistent
AEP,American Electric Power,Utilities,Electric Utilities,67271184384.0,22791000544.0,3141172889.0,9029000192.0,32080791805.0,0.396165,0.137825,0.097914,21.4159,2.0969,0.046694,0.0309,0.661753,0.033119,0.068988,-0.035868,True,Priced above what the balance sheet can fund
AIG,American International Group,Financials,Multi-line Insurance,39807856640.0,26738999503.0,2865454543.0,8145999872.0,40464613503.0,0.304649,0.107164,0.070814,13.8923,0.9838,0.071982,0.0264,0.366758,0.044842,0.057608,-0.012766,True,Broadly consistent
AMT,American Tower,Real Estate,Telecom Tower REITs,80573816832.0,10941500337.0,3326954963.0,7044400128.0,3719759256.0,0.643824,0.304068,0.894401,24.2185,21.661,0.041291,0.0397,0.961474,0.034458,0.071419,-0.036961,False,Outside screen
AWK,American Water Works,Utilities,Water Utilities,27720708096.0,5283999744.0,1146666325.0,2912999936.0,11664994992.0,0.551287,0.217007,0.0983,24.175,2.3764,0.041365,0.0261,0.630969,0.036276,0.071386,-0.03511,True,Priced above what the balance sheet can fund
AME,Ametek,Industrials,Electrical Components & Equipment,53461430272.0,7863923096.0,1570439544.0,2500681984.0,11260854005.0,0.317994,0.199702,0.13946,34.0423,4.7475,0.029375,0.0059,0.20085,0.11145,0.076781,0.034668,True,Funds more growth than the price implies
AMGN,Amgen,Health Care,Biotechnology,239413477376.0,38095000365.0,8785270092.0,17268000768.0,11688464656.0,0.453288,0.230615,0.751619,27.2517,20.4829,0.036695,0.023,0.626789,0.280512,0.073487,0.207025,False,Outside screen
APH,Amphenol,Information Technology,Electronic Components,197375983616.0,29011600263.0,4931933624.0,9463700480.0,15496135592.0,0.326204,0.169999,0.318269,40.02,12.7371,0.024988,0.0061,0.244122,0.240572,0.078756,0.161817,True,Funds more growth than the price implies
ADI,Analog Devices,Information Technology,Semiconductors,172364775424.0,13881744395.0,4104269343.0,6922700800.0,33550826717.0,0.498691,0.295659,0.12233,41.9965,5.1374,0.023812,0.0124,0.520756,0.058626,0.079285,-0.020659,True,Priced above what the balance sheet can fund
AON,Aon,Financials,Insurance Brokers,70188064768.0,17577000357.0,3903108050.0,5900000256.0,9603766954.0,0.335666,0.222058,0.406414,17.9826,7.3084,0.055609,0.0101,0.181624,0.3326,0.064976,0.267624,False,Outside screen
APA,APA Corporation,Energy,Oil & Gas Exploration & Production,15658960896.0,8571999941.0,1660666174.0,5720000000.0,7014737614.0,0.667289,0.193731,0.23674,9.4293,2.2323,0.106052,0.0226,0.213103,0.18629,0.042277,0.144013,True,Funds more growth than the price implies
AAPL,Apple Inc.,Information Technology,"Technology Hardware, Storage & Peripherals",4742524698624.0,466822982102.0,127115306884.0,167959003136.0,107413168680.0,0.359792,0.272299,1.183424,37.3088,44.1522,0.026803,0.0033,0.123119,1.037722,0.077939,0.959783,False,Outside screen
AMAT,Applied Materials,Information Technology,Semiconductor Materials & Equipment,347960737792.0,30836997955.0,9118434697.0,10154999808.0,25626056111.0,0.329312,0.295698,0.355827,38.1601,13.5784,0.026205,0.0048,0.183169,0.29065,0.078208,0.212443,True,Funds more growth than the price implies
APTV,Aptiv,Consumer Discretionary,Automotive Parts & Equipment,9349728256.0,20518000100.0,458869630.0,3232999936.0,8722261010.0,0.157569,0.022364,0.052609,20.3756,1.0719,0.049078,0.0,0.0,0.052609,0.067915,-0.015306,True,Broadly consistent
ACGL,Arch Capital Group,Financials,Property & Casualty Insurance,33512112128.0,19232000105.0,4343846730.0,5565000192.0,23312090914.0,0.289361,0.225866,0.186334,7.7148,1.4375,0.12962,0.0,0.0,0.186334,0.031671,0.154664,True,Funds more growth than the price implies
ADM,Archer Daniels Midland,Consumer Staples,Agricultural Products & Services,41149706240.0,82099008800.0,1783250329.0,2995000064.0,23571197864.0,0.03648,0.021721,0.075654,23.0757,1.7458,0.043336,0.0246,0.567662,0.032708,0.070499,-0.037791,True,Priced above what the balance sheet can fund
ANET,Arista Networks,Information Technology,Communications Equipment,234713923584.0,10540800046.0,3985470169.0,4639600128.0,14797948962.0,0.440156,0.378099,0.269326,58.8924,15.8612,0.01698,0.0,0.0,0.269326,0.082359,0.186967,True,Funds more growth than the price implies
AJG,Arthur J. Gallagher & Co.,Financials,Insurance Brokers,67791937536.0,15109000003.0,1558553204.0,4288000000.0,23720770090.0,0.283804,0.103154,0.065704,43.4967,2.8579,0.02299,0.0107,0.465415,0.035124,0.079654,-0.04453,True,Priced above what the balance sheet can fund
AIZ,Assurant,Financials,Multi-line Insurance,14011403264.0,13456200434.0,1042211254.0,1737100032.0,6090696323.0,0.129093,0.077452,0.171115,13.4439,2.3005,0.074383,0.0125,0.168049,0.14236,0.056528,0.085832,True,Funds more growth than the price implies
T,AT&T,Communication Services,Integrated Telecommunication Services,177819418624.0,127239001682.0,20694205944.0,44939001856.0,110021906462.0,0.353186,0.16264,0.188092,8.5927,1.6162,0.116378,0.0427,0.366909,0.119079,0.03763,0.081449,True,Funds more growth than the price implies
ATO,Atmos Energy,Utilities,Gas Utilities,28336001024.0,4921526018.0,1417813983.0,2624299008.0,15258315488.0,0.533229,0.288084,0.092921,19.9857,1.8571,0.050036,0.0239,0.477658,0.048536,0.067484,-0.018947,True,Broadly consistent
ADSK,Autodesk,Information Technology,Application Software,50521567232.0,7790000443.0,1575859914.0,2286000128.0,3383082969.0,0.293453,0.202293,0.465806,32.0597,14.9336,0.031192,0.0,0.0,0.465806,0.075964,0.389842,False,Outside screen
ADP,Automatic Data Processing,Industrials,Human Resource & Employment Services,111694397440.0,21947400630.0,4346054588.0,6411200000.0,6022900975.0,0.292117,0.198021,0.721588,25.7002,18.545,0.03891,0.024,0.616804,0.276509,0.07249,0.204019,False,Outside screen
AVB,AvalonBay Communities,Real Estate,Multi-Family Residential REITs,26283393024.0,3083519149.0,1040997148.0,1857816064.0,12116692764.0,0.602499,0.3376,0.085914,25.2483,2.1692,0.039607,0.000387,0.009771,0.085075,0.072177,0.012898,True,Broadly consistent
AVY,Avery Dennison,Materials,Paper & Plastic Packaging Products & Materials,13218967552.0,9248100477.0,698008779.0,1496499968.0,2319268721.0,0.161817,0.075476,0.300961,18.9381,5.6996,0.052804,0.0231,0.43747,0.169299,0.066238,0.103061,True,Funds more growth than the price implies
AXON,Axon Enterprise,Industrials,Aerospace & Defense,41185746944.0,3219098907.0,189283187.0,165106000.0,3674612430.0,0.05129,0.0588,0.051511,217.588,11.2082,0.004596,0.0,0.0,0.051511,0.087932,-0.036421,False,Outside screen
BKR,Baker Hughes,Energy,Oil & Gas Equipment & Services,64156520448.0,27724999949.0,3087216132.0,4839000064.0,19915027643.0,0.174536,0.111351,0.155019,20.7814,3.2215,0.04812,0.0145,0.30133,0.108307,0.068346,0.039962,True,Funds more growth than the price implies
BALL,Ball Corporation,Materials,"Metal, Glass & Plastic Containers",16755722240.0,14325999735.0,923814702.0,2076000000.0,5748033288.0,0.144911,0.064485,0.160718,18.1375,2.915,0.055134,0.0127,0.230347,0.123697,0.06519,0.058508,True,Funds more growth than the price implies
BDX,Becton Dickinson,Health Care,Health Care Equipment,51077976064.0,22484001332.0,1574395807.0,6120999936.0,24415936736.0,0.272238,0.070023,0.064482,32.4429,2.092,0.030823,0.0224,0.726721,0.017622,0.076129,-0.058508,True,Priced above what the balance sheet can fund
BBY,Best Buy,Consumer Discretionary,Computer & Electronics Retail,18336739328.0,42201001248.0,1332048190.0,2652000000.0,3174996135.0,0.062842,0.031564,0.419543,13.7658,5.7754,0.072644,0.0465,0.640111,0.150989,0.05731,0.093679,False,Outside screen
TECH,Bio-Techne,Health Care,Life Sciences Tools & Services,11337959424.0,1215039042.0,181909169.0,334105984.0,2117987182.0,0.274976,0.149715,0.085888,62.3276,5.3532,0.016044,0.0044,0.274241,0.062334,0.08278,-0.020446,True,Priced above what the balance sheet can fund
BIIB,Biogen,Health Care,Biotechnology,32900382720.0,10027899706.0,833332548.0,3359200000.0,18854887095.0,0.334985,0.083101,0.044197,39.4805,1.7449,0.025329,0.0,0.0,0.044197,0.078602,-0.034405,True,Priced above what the balance sheet can fund
BLK,BlackRock,Financials,Asset Management & Custody Banks,179874136064.0,27299000619.0,6655024581.0,11116000256.0,60393052486.0,0.407194,0.243783,0.110195,27.0283,2.9784,0.036998,0.0203,0.548675,0.049734,0.073351,-0.023617,True,Priced above what the balance sheet can fund
BA,Boeing,Industrials,Aerospace & Defense,165084594176.0,93995000420.0,2228843566.0,-2900000000.0,6098495429.0,-0.030853,0.023712,0.365474,74.0674,27.0697,0.013501,0.0,0.0,0.365474,0.083924,0.28155,True,Funds more growth than the price implies
BWA,BorgWarner,Consumer Discretionary,Automotive Parts & Equipment,13274973184.0,14343999943.0,423626024.0,2036000000.0,5620987733.0,0.141941,0.029533,0.075365,31.3365,2.3617,0.031912,0.0107,0.335301,0.050095,0.07564,-0.025545,True,Priced above what the balance sheet can fund
BSX,Boston Scientific,Health Care,Health Care Equipment,70099230720.0,20995999670.0,3579596855.0,5711000064.0,24973124462.0,0.272004,0.170489,0.143338,19.583,2.807,0.051065,0.0,0.0,0.143338,0.067021,0.076317,True,Funds more growth than the price implies
BMY,Bristol Myers Squibb,Health Care,Pharmaceuticals,138210082816.0,49186001808.0,9273925155.0,18929999872.0,22316658061.0,0.384866,0.188548,0.415561,14.9031,6.1931,0.0671,0.0377,0.561846,0.182079,0.059805,0.122275,False,Outside screen
AVGO,Broadcom,Information Technology,Semiconductors,1747173769216.0,75465000625.0,28688208878.0,42083999744.0,87682205109.0,0.557662,0.380153,0.327184,60.9022,19.9262,0.01642,0.007,0.426315,0.187701,0.082611,0.105089,True,Funds more growth than the price implies
BR,Broadridge Financial Solutions,Industrials,Data Processing & Outsourced Services,20302721024.0,7476799718.0,1094609243.0,1808999936.0,2841081029.0,0.241948,0.146401,0.385279,18.5479,7.1461,0.053914,0.0242,0.44886,0.212343,0.065739,0.146604,True,Funds more growth than the price implies
BRO,Brown & Brown,Financials,Insurance Brokers,24105330688.0,6663000161.0,1047330442.0,2892000000.0,12758693147.0,0.434039,0.157186,0.082088,23.016,1.8893,0.043448,0.0092,0.211747,0.064706,0.070448,-0.005743,True,Broadly consistent
BLDR,Builders FirstSource,Industrials,Building Products,6788260352.0,14448703084.0,100064703.0,1022512000.0,4005277673.0,0.070768,0.006926,0.024983,67.8387,1.6948,0.014741,0.0,0.0,0.024983,0.083367,-0.058383,True,Priced above what the balance sheet can fund
BG,Bunge Global,Consumer Staples,Agricultural Products & Services,23603755008.0,91819002996.0,891432714.0,3126000128.0,15953955967.0,0.034045,0.009709,0.055875,26.4784,1.4795,0.037767,0.0238,0.630187,0.020663,0.073005,-0.052342,True,Priced above what the balance sheet can fund
CHRW,C.H. Robinson,Industrials,Air Freight & Logistics,16966802432.0,16996511825.0,600615458.0,932641024.0,1623998825.0,0.054872,0.035338,0.369837,28.249,10.4475,0.035399,0.017,0.480233,0.192229,0.07407,0.118159,True,Funds more growth than the price implies
CDNS,Cadence Design Systems,Information Technology,Application Software,84454768640.0,5837622792.0,1387980676.0,2155915008.0,6857835765.0,0.369314,0.237765,0.202393,60.8472,12.3151,0.016435,0.0,0.0,0.202393,0.082604,0.119789,True,Funds more growth than the price implies
CPB,Campbell Soup Company,Consumer Staples,Packaged Foods & Meats,7091344384.0,9927999506.0,611322792.0,1704999936.0,4030853766.0,0.171737,0.061576,0.151661,11.6,1.7593,0.086207,0.0658,0.76328,0.035901,0.051207,-0.015306,True,Broadly consistent
KMX,CarMax,Consumer Discretionary,Automotive Retail,8717598720.0,28197508607.0,228476867.0,1031401024.0,6118639351.0,0.036578,0.008103,0.037341,38.1553,1.4248,0.026209,0.0,0.0,0.037341,0.078206,-0.040865,True,Priced above what the balance sheet can fund
CCL,Carnival,Consumer Discretionary,"Hotels, Resorts & Cruise Lines",32515471360.0,27310999836.0,3040621163.0,7302000128.0,12945922685.0,0.267365,0.111333,0.234871,10.6937,2.5116,0.093513,0.0194,0.207458,0.186145,0.047919,0.138226,True,Funds more growth than the price implies
CARR,Carrier Global,Industrials,Building Products,47464636416.0,22108001344.0,1162298321.0,3092999936.0,13135619891.0,0.139904,0.052574,0.088484,40.8369,3.6134,0.024488,0.0168,0.68606,0.027779,0.078981,-0.051202,True,Priced above what the balance sheet can fund
CAT,Caterpillar Inc.,Industrials,Construction Machinery & Heavy Transportation Equipment,364191219712.0,74728996662.0,10673650883.0,16250999808.0,19395061836.0,0.217466,0.142831,0.550328,34.1206,18.7775,0.029308,0.0084,0.286613,0.392597,0.076811,0.315786,False,Outside screen
CBOE,Cboe Global Markets,Financials,Financial Exchanges & Data,30715250688.0,5061300173.0,1280324267.0,1930700032.0,5619120016.0,0.381463,0.252964,0.227851,23.9902,5.4662,0.041684,0.0112,0.26869,0.16663,0.071242,0.095388,True,Funds more growth than the price implies
CBRE,CBRE Group,Real Estate,Real Estate Services,41137065984.0,43711001416.0,1245173756.0,2214000128.0,8390155362.0,0.050651,0.028487,0.148409,33.0372,4.903,0.030269,0.0,0.0,0.148409,0.076379,0.07203,True,Funds more growth than the price implies
CDW,CDW,Information Technology,Technology Distributors,18586339328.0,23500400727.0,1027643165.0,2010899968.0,2436589375.0,0.085569,0.043729,0.421755,18.0864,7.628,0.05529,0.0168,0.303851,0.293604,0.065119,0.228485,False,Outside screen
COR,Cencora,Health Care,Health Care Distributors,64186621952.0,332771333479.0,2570441782.0,5546476032.0,3050944517.0,0.016668,0.007724,0.842507,24.971,21.0383,0.040046,0.0073,0.182289,0.688928,0.071979,0.616948,False,Outside screen
CNP,CenterPoint Energy,Utilities,Multi-Utilities,26026035200.0,9620000229.0,1106649940.0,3854000128.0,11720608383.0,0.400624,0.115036,0.094419,23.5179,2.2205,0.042521,0.0243,0.571484,0.04046,0.070866,-0.030405,True,Priced above what the balance sheet can fund
CF,CF Industries,Materials,Fertilizers & Agricultural Chemicals,21076860928.0,7738999475.0,2094519676.0,3872999936.0,5738287686.0,0.500452,0.270645,0.365008,10.0629,3.673,0.099375,0.0177,0.178113,0.299995,0.045281,0.254714,True,Funds more growth than the price implies
CHTR,Charter Communications,Communication Services,Cable & Satellite,21425577984.0,54395999772.0,5632351412.0,21814999040.0,19154845727.0,0.401041,0.103543,0.294043,3.804,1.1185,0.26288,0.0,0.0,0.294043,-0.028296,0.322339,True,Funds more growth than the price implies
CVX,Chevron Corporation,Energy,Integrated Oil & Gas,415428345856.0,209383989304.0,20361442204.0,50661998592.0,189883191802.0,0.241957,0.097245,0.107231,20.4027,2.1878,0.049013,0.0337,0.687571,0.033502,0.067944,-0.034442,True,Priced above what the balance sheet can fund
CMG,Chipotle Mexican Grill,Consumer Discretionary,Restaurants,48743903232.0,12423759103.0,1366651492.0,2275020032.0,2195500325.0,0.183118,0.110003,0.622478,35.6667,22.2017,0.028037,0.0,0.0,0.622478,0.077383,0.545095,False,Outside screen
CB,Chubb Limited,Financials,Property & Casualty Insurance,130948194304.0,61895994909.0,10906562527.0,14883000320.0,75404582868.0,0.240452,0.176208,0.144641,12.0064,1.7366,0.083289,0.012,0.144076,0.123801,0.05252,0.071281,True,Funds more growth than the price implies
CHD,Church & Dwight,Consumer Staples,Household Products,23559092224.0,6229100173.0,740076196.0,1354800000.0,4349133744.0,0.217495,0.118809,0.170166,31.8333,5.417,0.031414,0.0124,0.394733,0.102996,0.075864,0.027132,True,Funds more growth than the price implies
CI,Cigna,Health Care,Health Care Services,74737778688.0,282382000707.0,6381407705.0,12757999616.0,42707338714.0,0.04518,0.022598,0.149422,11.7118,1.75,0.085384,0.022,0.25766,0.110922,0.051577,0.059345,True,Funds more growth than the price implies
CINF,Cincinnati Financial,Financials,Property & Casualty Insurance,26350647296.0,13953999373.0,3252199990.0,4365000192.0,16679534572.0,0.312814,0.233066,0.194981,8.1024,1.5798,0.12342,0.0221,0.179063,0.160067,0.034461,0.125607,True,Funds more growth than the price implies
CTAS,Cintas,Industrials,Diversified Support Services,79269584896.0,11264760547.0,1964832459.0,2994993920.0,5140178058.0,0.265873,0.174423,0.38225,40.3442,15.4216,0.024787,0.0104,0.41958,0.221866,0.078846,0.14302,True,Funds more growth than the price implies
CSCO,Cisco,Information Technology,Communications Equipment,431409725440.0,63325001910.0,13085562911.0,18626000896.0,50190230581.0,0.294133,0.206641,0.260719,32.9684,8.5955,0.030332,0.0153,0.504416,0.129208,0.076351,0.052858,True,Funds more growth than the price implies
CME,CME Group,Financials,Financial Exchanges & Data,99880329216.0,6757199575.0,4243035190.0,4771100160.0,26542704359.0,0.706077,0.627928,0.159857,23.5398,3.763,0.042481,0.0182,0.428425,0.09137,0.070883,0.020487,True,Funds more growth than the price implies
CMS,CMS Energy,Utilities,Multi-Utilities,21342060544.0,8812999655.0,1044211896.0,3017999872.0,9549365180.0,0.342449,0.118485,0.109349,20.4384,2.2349,0.048927,0.0335,0.684688,0.034479,0.067983,-0.033504,True,Priced above what the balance sheet can fund
KO,Coca-Cola Company (The),Consumer Staples,Soft Drinks & Non-alcoholic Beverages,379656929280.0,50128998021.0,14327488378.0,16997999616.0,36145716350.0,0.339085,0.285812,0.396381,26.4985,10.5035,0.037738,0.0241,0.638614,0.143247,0.073018,0.070229,True,Funds more growth than the price implies
CTSH,Cognizant,Information Technology,IT Consulting & Other Services,28558163968.0,21641999795.0,2099070096.0,4036000000.0,14412412655.0,0.186489,0.096991,0.145643,13.6052,1.9815,0.073502,0.0208,0.282987,0.104428,0.056924,0.047504,True,Funds more growth than the price implies
CMCSA,Comcast,Communication Services,Cable & Satellite,95138947072.0,124903993364.0,11284664367.0,34072999936.0,89819546128.0,0.272794,0.090347,0.125637,8.4308,1.0592,0.118612,0.0502,0.423227,0.072464,0.036624,0.03584,True,Funds more growth than the price implies
COP,ConocoPhillips,Energy,Oil & Gas Exploration & Production,164823498752.0,64459004522.0,9142178028.0,26780000256.0,65349151316.0,0.415458,0.141829,0.139897,18.0289,2.5222,0.055466,0.0247,0.445314,0.077599,0.06504,0.012559,True,Broadly consistent
ED,Consolidated Edison,Utilities,Multi-Utilities,39819448320.0,17689000199.0,2252256341.0,6161999872.0,25707158943.0,0.348352,0.127325,0.087612,17.6798,1.549,0.056562,0.0326,0.576362,0.037116,0.064547,-0.027431,True,Priced above what the balance sheet can fund
STZ,Constellation Brands,Consumer Staples,Distillers & Vintners,22093543424.0,9056700744.0,1776365300.0,3455800064.0,8223716904.0,0.381574,0.196138,0.216005,12.4375,2.6866,0.080402,0.0315,0.391781,0.131378,0.053819,0.077559,True,Funds more growth than the price implies
CEG,Constellation Energy,Utilities,Electric Utilities,102763315200.0,31270000379.0,3624564593.0,7952000000.0,31887310479.0,0.254301,0.115912,0.113668,28.3519,3.2227,0.035271,0.0061,0.172947,0.094009,0.074128,0.019881,True,Broadly consistent
COO,Cooper Companies (The),Health Care,Health Care Supplies,13599485952.0,4230999907.0,232086452.0,886400000.0,8244334671.0,0.209501,0.054854,0.028151,58.5966,1.6496,0.017066,0.0,0.0,0.028151,0.08232,-0.054169,True,Priced above what the balance sheet can fund
CPRT,Copart,Industrials,Diversified Support Services,29774096384.0,4638866977.0,1481298328.0,1961246976.0,8773915283.0,0.422786,0.319323,0.16883,20.1,3.3935,0.049751,0.0,0.0,0.16883,0.067612,0.101218,True,Funds more growth than the price implies
GLW,Corning Inc.,Information Technology,Electronic Components,124151906304.0,16963999817.0,1851985003.0,4084999936.0,11941426476.0,0.240804,0.109171,0.155089,67.0372,10.3967,0.014917,0.0077,0.516187,0.075034,0.083287,-0.008253,True,Broadly consistent
CPAY,Corpay,Financials,Transaction & Payment Processing Services,27340656640.0,5020502059.0,1110303804.0,2798278912.0,3542138273.0,0.55737,0.221154,0.313456,24.6245,7.7187,0.04061,0.0,0.0,0.313456,0.071726,0.24173,True,Funds more growth than the price implies
CTVA,Corteva,Materials,Fertilizers & Agricultural Chemicals,60027629568.0,17812000976.0,1127561342.0,4275000064.0,25165969506.0,0.240007,0.063303,0.044805,53.2367,2.3853,0.018784,0.0082,0.436541,0.025246,0.081547,-0.056301,True,Priced above what the balance sheet can fund
CSGP,CoStar Group,Real Estate,Real Estate Services,12666477568.0,3556000066.0,72935571.0,394000000.0,7939846968.0,0.110799,0.020511,0.009186,173.6667,1.5953,0.005758,0.0,0.0,0.009186,0.087409,-0.078223,False,Outside screen
COST,Costco,Consumer Staples,Consumer Staples Merchandise Retail,411761213440.0,293586989463.0,8794184972.0,13790000128.0,16532003137.0,0.046971,0.029954,0.531949,46.822,24.9069,0.021357,0.0063,0.294979,0.375036,0.080389,0.294646,False,Outside screen
CRWD,CrowdStrike,Information Technology,Systems Software,208288825344.0,5396145069.0,40957394.0,106861000.0,4659927315.0,0.019803,0.00759,0.008789,5085.5,44.6979,0.000197,0.0,0.0,0.008789,0.089912,-0.081122,False,Outside screen
CSX,CSX Corporation,Industrials,Rail Transportation,90122903552.0,14512000363.0,3186256816.0,6831000064.0,14082514525.0,0.470714,0.21956,0.226256,28.2849,6.3996,0.035355,0.0115,0.325276,0.15266,0.07409,0.07857,True,Funds more growth than the price implies
CMI,Cummins,Industrials,Construction Machinery & Heavy Transportation Equipment,75839365120.0,34708001900.0,2692717338.0,5020000256.0,12846986974.0,0.144635,0.077582,0.209599,28.1646,5.9033,0.035506,0.016,0.450634,0.115147,0.074023,0.041124,True,Funds more growth than the price implies
CVS,CVS Health,Health Care,Health Care Services,124354289664.0,412644975875.0,4821718318.0,16679999488.0,79762984571.0,0.040422,0.011685,0.060451,25.7905,1.559,0.038774,0.0273,0.704079,0.017889,0.072552,-0.054663,True,Priced above what the balance sheet can fund
DHI,D. R. Horton,Consumer Discretionary,Homebuilding,39790301184.0,33349999421.0,2934066213.0,4127399936.0,23732092401.0,0.12376,0.087978,0.123633,13.5615,1.6766,0.073738,0.0127,0.172231,0.102339,0.056818,0.045522,True,Funds more growth than the price implies
DHR,Danaher Corporation,Health Care,Life Sciences Tools & Services,147563806720.0,25107000041.0,3999990759.0,8028000256.0,52587575055.0,0.319751,0.159318,0.076063,36.891,2.8061,0.027107,0.0077,0.284061,0.054457,0.077802,-0.023345,True,Priced above what the balance sheet can fund
DRI,Darden Restaurants,Consumer Discretionary,Restaurants,24982593536.0,13210901160.0,1184240561.0,2115000064.0,2197146568.0,0.160095,0.089641,0.53899,21.0959,11.3705,0.047403,0.0301,0.634986,0.196739,0.068669,0.12807,False,Outside screen
DECK,Deckers Brands,Consumer Discretionary,Footwear,11406593024.0,5527288842.0,957358512.0,1326978944.0,2292485485.0,0.240078,0.173206,0.417607,11.9147,4.9756,0.08393,0.0,0.0,0.417607,0.052231,0.365376,False,Outside screen
DE,Deere & Company,Industrials,Agricultural & Farm Machinery,188298297344.0,47927002810.0,5009640111.0,8600000512.0,27990082435.0,0.17944,0.104526,0.178979,37.5872,6.7273,0.026605,0.0096,0.360837,0.114397,0.078028,0.036369,True,Funds more growth than the price implies
DAL,Delta Air Lines,Industrials,Passenger Airlines,51386662912.0,68286998518.0,3965466821.0,7506999808.0,21933700056.0,0.109933,0.058071,0.180793,12.9585,2.3428,0.077169,0.0102,0.132177,0.156897,0.055274,0.101623,True,Funds more growth than the price implies
DVN,Devon Energy,Energy,Oil & Gas Exploration & Production,53932998656.0,18780999691.0,5059999874.0,8924000256.0,39935501536.0,0.475161,0.269421,0.126704,10.6587,1.3505,0.09382,0.0261,0.278192,0.091456,0.047781,0.043675,True,Funds more growth than the price implies
DXCM,Dexcom,Health Care,Health Care Equipment,33845487616.0,4969200229.0,950949145.0,1403200000.0,2621147841.0,0.282379,0.191369,0.362799,35.5913,12.9125,0.028097,0.0,0.0,0.362799,0.077356,0.285442,True,Funds more growth than the price implies
FANG,Diamondback Energy,Energy,Oil & Gas Exploration & Production,56961622016.0,16248000760.0,1467303605.0,11779999744.0,37825910154.0,0.725012,0.090307,0.038791,38.8206,1.5059,0.02576,0.0217,0.842407,0.006113,0.078408,-0.072295,True,Priced above what the balance sheet can fund
DG,Dollar General,Consumer Staples,Consumer Staples Merchandise Retail,28876531712.0,43637995838.0,1696543119.0,3581925888.0,9288629025.0,0.082083,0.038878,0.182647,17.0208,3.1088,0.058752,0.018,0.306374,0.126689,0.063562,0.063127,True,Funds more growth than the price implies
DLTR,Dollar Tree,Consumer Staples,Consumer Staples Merchandise Retail,24750313472.0,20068700960.0,1534815891.0,2503800064.0,3402487988.0,0.124761,0.076478,0.451086,16.1259,7.2742,0.062012,0.0,0.0,0.451086,0.062095,0.388992,False,Outside screen
D,Dominion Energy,Utilities,Multi-Utilities,58092691456.0,18119000373.0,2541830103.0,8341000192.0,27916153283.0,0.460345,0.140285,0.091052,22.8547,2.081,0.043755,0.0402,0.918758,0.007397,0.07031,-0.062913,True,Priced above what the balance sheet can fund
DOV,Dover Corporation,Industrials,Industrial Machinery & Supplies & Components,25441093632.0,8420564502.0,1112458620.0,1908990976.0,7703978168.0,0.226706,0.132112,0.144401,22.8692,3.3023,0.043727,0.0111,0.253849,0.107745,0.070323,0.037422,True,Funds more growth than the price implies
DTE,DTE Energy,Utilities,Multi-Utilities,28310382592.0,16465000333.0,1317197514.0,3616999936.0,12149014247.0,0.219678,0.08,0.10842,21.4929,2.3303,0.046527,0.0342,0.735057,0.028725,0.069063,-0.040338,True,Priced above what the balance sheet can fund
DUK,Duke Energy,Utilities,Electric Utilities,94000898048.0,32802999299.0,5185019675.0,16616999936.0,53757350131.0,0.50657,0.158065,0.096452,18.1293,1.7486,0.055159,0.036,0.652656,0.033502,0.065178,-0.031676,True,Priced above what the balance sheet can fund
EMN,Eastman Chemical Company,Materials,Specialty Chemicals,8249809408.0,8865000554.0,439014248.0,1392999936.0,6096009422.0,0.157135,0.049522,0.072017,18.7917,1.3533,0.053215,0.0479,0.900121,0.007193,0.066053,-0.05886,True,Priced above what the balance sheet can fund
ETN,Eaton Corporation,Industrials,Electrical Components & Equipment,151806148608.0,30025999644.0,3810204216.0,6639000064.0,20253895729.0,0.221108,0.126897,0.188122,39.842,7.4952,0.025099,0.0113,0.450215,0.103427,0.078705,0.024721,True,Funds more growth than the price implies
EBAY,eBay,Consumer Discretionary,Broadline Retail,47481499648.0,12007999495.0,2149349984.0,3096000000.0,4664934989.0,0.257828,0.178993,0.460746,22.0911,10.1784,0.045267,0.0118,0.260675,0.340641,0.06963,0.271011,False,Outside screen
ECL,Ecolab,Materials,Specialty Chemicals,78463975424.0,16842499468.0,2088448078.0,4135699968.0,10055386716.0,0.245551,0.123999,0.207694,37.5705,7.8032,0.026617,0.0104,0.390733,0.126541,0.078023,0.048519,True,Funds more growth than the price implies
EIX,Edison International,Utilities,Electric Utilities,21237882880.0,19423001504.0,3728847347.0,8929999872.0,17447080646.0,0.459764,0.191981,0.213723,5.6956,1.2173,0.175575,0.0597,0.340025,0.141052,0.010991,0.130061,True,Funds more growth than the price implies
EW,Edwards Lifesciences,Health Care,Health Care Equipment,52348649472.0,6512300164.0,968352027.0,1996800000.0,10614406376.0,0.30662,0.148696,0.09123,54.0595,4.9318,0.018498,0.0,0.0,0.09123,0.081676,0.009554,True,Broadly consistent
EA,Electronic Arts,Communication Services,Interactive Home Entertainment,52925640704.0,7846000071.0,885879823.0,1726000000.0,6809160312.0,0.219985,0.112908,0.130101,59.7436,7.7727,0.016738,3.6e-05,0.002151,0.129821,0.082468,0.047354,True,Funds more growth than the price implies
ELV,Elevance Health,Health Care,Managed Health Care,88014233600.0,201113990410.0,4938113786.0,8323999744.0,44888907771.0,0.041389,0.024554,0.110007,17.8235,1.9607,0.056106,0.0171,0.304781,0.076479,0.064752,0.011727,True,Broadly consistent
EMR,Emerson Electric,Industrials,Electrical Components & Equipment,83101040640.0,18635998903.0,2554723897.0,6057999872.0,20379223076.0,0.32507,0.137085,0.125359,32.5284,4.0777,0.030742,0.015,0.487926,0.064193,0.076166,-0.011973,True,Broadly consistent
ENPH,Enphase Energy,Information Technology,Semiconductor Materials & Equipment,4693777920.0,1328502022.0,133466095.0,191792000.0,1181901755.0,0.144367,0.100464,0.112925,35.1683,3.9714,0.028435,0.0,0.0,0.112925,0.077204,0.03572,True,Funds more growth than the price implies
ETR,Entergy,Utilities,Electric Utilities,49812910080.0,13482226432.0,1824529072.0,5538091008.0,18228958029.0,0.41077,0.135328,0.10009,27.3018,2.7326,0.036628,0.0239,0.652513,0.03478,0.073518,-0.038738,True,Priced above what the balance sheet can fund
EOG,EOG Resources,Energy,Oil & Gas Exploration & Production,78133870592.0,26720998813.0,6740200303.0,14494999552.0,31805353306.0,0.542457,0.252244,0.21192,11.5922,2.4566,0.086265,0.0275,0.318786,0.144363,0.051181,0.093182,True,Funds more growth than the price implies
EPAM,EPAM Systems,Information Technology,IT Consulting & Other Services,6045993984.0,5616749099.0,379680168.0,753348992.0,3518850947.0,0.134125,0.067598,0.107899,15.9239,1.7182,0.062799,0.0,0.0,0.107899,0.061741,0.046158,True,Funds more growth than the price implies
EQT,EQT Corporation,Energy,Oil & Gas Exploration & Production,34872520704.0,9293919136.0,2702229407.0,6995361792.0,25258965871.0,0.752682,0.290752,0.106981,12.9051,1.3806,0.077489,0.0119,0.153571,0.090552,0.05513,0.035422,True,Funds more growth than the price implies
EFX,Equifax,Industrials,Research & Consulting Services,21791098880.0,6444499739.0,667314221.0,1924300032.0,4375960181.0,0.298596,0.103548,0.152495,32.6549,4.9797,0.030623,0.012,0.391859,0.092739,0.07622,0.016519,True,Broadly consistent
EQR,Equity Residential,Real Estate,Multi-Family Residential REITs,24611481600.0,3129216874.0,858270329.0,1890653056.0,10825804596.0,0.604194,0.274276,0.07928,28.6757,2.2734,0.034873,0.000426,0.012216,0.078312,0.074307,0.004004,True,Broadly consistent
ERIE,Erie Indemnity,Financials,Insurance Brokers,13512224768.0,4119468944.0,576234344.0,834972032.0,2467088194.0,0.202689,0.139881,0.233569,23.4492,5.477,0.042645,0.0228,0.534641,0.108693,0.07081,0.037884,True,Funds more growth than the price implies
EVRG,Evergy,Utilities,Electric Utilities,18622908416.0,6093899597.0,896906200.0,2840399872.0,10223347685.0,0.466105,0.147181,0.087731,20.7635,1.8216,0.048161,0.0341,0.708035,0.025614,0.068327,-0.042713,True,Priced above what the balance sheet can fund
ES,Eversource Energy,Utilities,Electric Utilities,26532970496.0,13998372665.0,1450197848.0,4933026816.0,16343540895.0,0.3524,0.103598,0.088732,18.2961,1.6235,0.054656,0.0447,0.817836,0.016164,0.065405,-0.049241,True,Priced above what the balance sheet can fund
EXC,Exelon,Utilities,Electric Utilities,45300269056.0,25325999901.0,2802290922.0,8354999808.0,29640406462.0,0.329898,0.110649,0.094543,16.1654,1.5283,0.06186,0.0383,0.619136,0.036008,0.062163,-0.026155,True,Priced above what the balance sheet can fund
EXPE,Expedia Group,Consumer Discretionary,"Hotels, Resorts & Cruise Lines",36974002176.0,15699999905.0,1933555720.0,2889999872.0,1209222460.0,0.184076,0.123156,1.599007,19.1223,30.5767,0.052295,0.0063,0.12047,1.406374,0.066467,1.339907,False,Outside screen
EXPD,Expeditors International,Industrials,Air Freight & Logistics,24199055360.0,12036001663.0,893035616.0,1263714048.0,2118197344.0,0.104995,0.074197,0.421602,27.0975,11.4244,0.036904,0.0086,0.233039,0.323352,0.073393,0.249959,False,Outside screen
XOM,ExxonMobil,Energy,Integrated Oil & Gas,674970337280.0,361060023213.0,31949555411.0,67937001472.0,259379413162.0,0.18816,0.088488,0.123177,21.1261,2.6023,0.047335,0.025,0.528153,0.058121,0.068699,-0.010579,True,Broadly consistent
FFIV,"F5, Inc.",Information Technology,Communications Equipment,22145759232.0,3309332106.0,710104891.0,923304000.0,3842211072.0,0.279,0.214576,0.184817,31.1866,5.7638,0.032065,0.0,0.0,0.184817,0.075571,0.109246,True,Funds more growth than the price implies
FDS,FactSet,Financials,Financial Exchanges & Data,10885545984.0,2438458824.0,539884955.0,932542016.0,2020265107.0,0.382431,0.221404,0.267235,20.1627,5.3882,0.049596,0.0152,0.306473,0.185334,0.067682,0.117653,True,Funds more growth than the price implies
FAST,Fastenal,Industrials,Trading Companies & Distributors,54999560192.0,8749400095.0,1342572197.0,1954700032.0,4069026345.0,0.22341,0.153447,0.329949,40.9658,13.5166,0.024411,0.0197,0.807027,0.063671,0.079015,-0.015344,True,Broadly consistent
FRT,Federal Realty Investment Trust,Real Estate,Retail REITs,10310118400.0,1335422976.0,436217490.0,837700992.0,3224425036.0,0.627293,0.326651,0.135285,23.6353,3.1975,0.04231,0.0396,0.935957,0.008664,0.070961,-0.062297,True,Priced above what the balance sheet can fund
FDX,FedEx,Industrials,Air Freight & Logistics,74915659776.0,94719997152.0,4276634776.0,11843999744.0,31208073085.0,0.125042,0.04515,0.137036,17.5174,2.4005,0.057086,0.015,0.262761,0.101028,0.064311,0.036717,True,Funds more growth than the price implies
FIS,Fidelity National Information Services,Financials,Transaction & Payment Processing Services,21592606720.0,12199999288.0,3357245516.0,3524000000.0,16028655033.0,0.288852,0.275184,0.209453,6.4316,1.3471,0.155481,0.0431,0.277204,0.151392,0.020033,0.131358,True,Funds more growth than the price implies
FSLR,First Solar,Information Technology,Semiconductors,21773379584.0,5378071245.0,1767878056.0,2385900032.0,10320430966.0,0.443635,0.32872,0.171299,12.3161,2.1097,0.081194,0.0,0.0,0.171299,0.053462,0.117836,True,Funds more growth than the price implies
FE,FirstEnergy,Utilities,Electric Utilities,26785243136.0,15635998848.0,1082056700.0,5422000128.0,12934917570.0,0.346764,0.069203,0.083654,24.754,2.0708,0.040397,0.0403,0.997587,0.000202,0.071821,-0.071619,True,Priced above what the balance sheet can fund
FTNT,Fortinet,Information Technology,Systems Software,113388101632.0,7527399998.0,2076409523.0,2595800064.0,1551070620.0,0.344847,0.275847,1.338694,54.6078,73.1031,0.018312,0.0,0.0,1.338694,0.081759,1.256935,False,Outside screen
FTV,Fortive,Industrials,Industrial Machinery & Supplies & Components,17094164480.0,4315800031.0,567792036.0,1234599936.0,6048797580.0,0.286065,0.131561,0.093869,30.1064,2.826,0.033216,0.0049,0.147521,0.080021,0.075053,0.004968,True,Broadly consistent
FOXA,Fox Corporation (Class A),Communication Services,Broadcasting,28387936256.0,17126000151.0,1652319157.0,3881999872.0,11651583325.0,0.226673,0.09648,0.141811,17.1807,2.4364,0.058205,0.0088,0.15119,0.12037,0.063808,0.056563,True,Funds more growth than the price implies
BEN,Franklin Resources,Financials,Asset Management & Custody Banks,16771617792.0,9324099562.0,746873013.0,1799100032.0,11751310889.0,0.192952,0.080101,0.063557,22.4558,1.4272,0.044532,0.0399,0.895986,0.006611,0.069961,-0.06335,True,Priced above what the balance sheet can fund
FCX,Freeport-McMoRan,Materials,Copper,106164772864.0,25867997970.0,2986916374.0,9553999872.0,20108552676.0,0.369337,0.115468,0.14854,35.5433,5.2796,0.028135,0.0083,0.295009,0.104719,0.077339,0.02738,True,Funds more growth than the price implies
GRMN,Garmin,Consumer Discretionary,Consumer Electronics,53235019776.0,7671437805.0,1874526852.0,2311467008.0,9026270936.0,0.301308,0.244351,0.207675,28.3992,5.8978,0.035212,0.0153,0.434507,0.117438,0.074154,0.043284,True,Funds more growth than the price implies
GE,GE Aerospace,Industrials,Aerospace & Defense,341876834304.0,50639001043.0,8798529757.0,11482999808.0,17639598547.0,0.226762,0.17375,0.498794,38.8561,19.3812,0.025736,0.0057,0.22148,0.388321,0.078419,0.309902,False,Outside screen
GEHC,GE HealthCare,Health Care,Health Care Equipment,31870980096.0,21266000119.0,1964835082.0,3592999936.0,10975072336.0,0.168955,0.092393,0.179027,16.2207,2.9039,0.06165,0.002,0.032441,0.173219,0.062258,0.110962,True,Funds more growth than the price implies
GEV,GE Vernova,Industrials,Heavy Electrical Equipment,245543583744.0,41366998759.0,9284388712.0,3927000064.0,11957046602.0,0.094931,0.22444,0.776478,26.4469,20.5355,0.037812,0.0022,0.058183,0.7313,0.072985,0.658316,False,Outside screen
GEN,Gen Digital,Information Technology,Systems Software,18346690560.0,5078999909.0,1047527193.0,2409999872.0,2654134754.0,0.474503,0.206247,0.394677,17.5143,6.9125,0.057096,0.0167,0.292489,0.279239,0.064307,0.214932,True,Funds more growth than the price implies
GNRC,Generac,Industrials,Electrical Components & Equipment,10665989120.0,4438731715.0,256677654.0,636244992.0,2877681242.0,0.143339,0.057827,0.089196,41.554,3.7065,0.024065,0.0,0.0,0.089196,0.079171,0.010025,True,Broadly consistent
GD,General Dynamics,Industrials,Aerospace & Defense,98501754880.0,54861001897.0,4437137858.0,6632999936.0,26866329730.0,0.120906,0.08088,0.165156,22.1994,3.6664,0.045046,0.0172,0.38183,0.102095,0.069729,0.032365,True,Funds more growth than the price implies
GM,General Motors,Consumer Discretionary,Automobile Manufacturers,76760801280.0,185527994156.0,2007882395.0,16462000128.0,63941102563.0,0.088731,0.010823,0.031402,38.2297,1.2005,0.026158,0.0084,0.32113,0.021318,0.078229,-0.056911,True,Priced above what the balance sheet can fund
GPN,Global Payments,Financials,Transaction & Payment Processing Services,24559230976.0,10206744998.0,558344762.0,4482187776.0,23006982103.0,0.43914,0.054704,0.024268,43.9858,1.0675,0.022735,0.0111,0.488242,0.01242,0.079769,-0.06735,True,Priced above what the balance sheet can fund
GL,Globe Life,Financials,Life & Health Insurance,13321082880.0,6191958193.0,1155815660.0,1680269056.0,6139502436.0,0.271363,0.186664,0.188259,11.5253,2.1697,0.086766,0.0077,0.088745,0.171552,0.050955,0.120597,True,Funds more growth than the price implies
HAL,Halliburton,Energy,Oil & Gas Equipment & Services,31350695936.0,22372999605.0,1624604227.0,4139000064.0,10998154153.0,0.185,0.072615,0.147716,19.2974,2.8505,0.05182,0.0185,0.357003,0.094981,0.066681,0.0283,True,Funds more growth than the price implies
HIG,Hartford (The),Financials,Property & Casualty Insurance,37166350336.0,29315001444.0,3922226899.0,5585999872.0,19245728622.0,0.190551,0.133796,0.203797,9.4758,1.9311,0.105532,0.0175,0.165827,0.170002,0.042511,0.127491,True,Funds more growth than the price implies
HAS,Hasbro,Consumer Discretionary,Leisure Products,13187657728.0,4973199809.0,792669908.0,1300199936.0,704094018.0,0.261441,0.159388,1.125801,16.637,18.73,0.060107,0.03,0.49911,0.563902,0.062952,0.50095,False,Outside screen
HSIC,Henry Schein,Health Care,Health Care Distributors,10073653248.0,13601999738.0,382261651.0,1080000000.0,3143795505.0,0.0794,0.028103,0.121592,26.3528,3.2043,0.037947,0.0,0.0,0.121592,0.072924,0.048668,True,Funds more growth than the price implies
HSY,Hershey Company (The),Consumer Staples,Packaged Foods & Meats,35650240512.0,12163911271.0,1470775858.0,2721615872.0,4562821139.0,0.223745,0.120913,0.322339,24.2391,7.8132,0.041256,0.033,0.799889,0.064504,0.071435,-0.006931,True,Broadly consistent
HPE,Hewlett Packard Enterprise,Information Technology,"Technology Hardware, Storage & Peripherals",68633468928.0,38793996108.0,1416897776.0,5631000064.0,25309503553.0,0.145151,0.036524,0.055983,48.4392,2.7118,0.020644,0.0112,0.54252,0.025611,0.08071,-0.055099,True,Priced above what the balance sheet can fund
HD,Home Depot (The),Consumer Discretionary,Home Improvement Retail,317774135296.0,169176005491.0,14256985317.0,24647999488.0,16611532693.0,0.145694,0.084273,0.858258,22.289,19.1297,0.044865,0.0291,0.64861,0.301583,0.069811,0.231772,False,Outside screen
HON,Honeywell,Industrials,Industrial Conglomerates,65311830016.0,38057002919.0,8246779332.0,8512000000.0,18536870811.0,0.223664,0.216695,0.444885,7.9197,3.5233,0.126268,0.0133,0.105332,0.398025,0.03318,0.364845,False,Outside screen
HST,Host Hotels & Resorts,Real Estate,Hotel & Resort REITs,15360402432.0,6234000399.0,1035142452.0,1695000064.0,6479018961.0,0.271896,0.166048,0.159768,14.8389,2.3708,0.06739,0.037,0.54904,0.072049,0.059674,0.012375,True,Broadly consistent
HWM,Howmet Aerospace,Industrials,Aerospace & Defense,100880809984.0,9117000139.0,1850438640.0,2793999872.0,5714824610.0,0.30646,0.202966,0.323796,54.5172,17.6525,0.018343,0.0022,0.119938,0.284961,0.081746,0.203215,True,Funds more growth than the price implies
HUBB,Hubbell Incorporated,Industrials,Industrial Machinery & Supplies & Components,23778883584.0,6223599943.0,906078594.0,1515500032.0,3911882050.0,0.243509,0.145588,0.231622,26.2437,6.0786,0.038104,0.0128,0.33592,0.153816,0.072853,0.080963,True,Funds more growth than the price implies
HUM,Humana,Health Care,Managed Health Care,48148598784.0,145679011431.0,1270449598.0,3596000000.0,19212968722.0,0.024684,0.008721,0.066125,37.8989,2.506,0.026386,0.009,0.34109,0.04357,0.078126,-0.034556,True,Priced above what the balance sheet can fund
HII,Huntington Ingalls Industries,Industrials,Aerospace & Defense,11376896000.0,13184999860.0,652934216.0,1170000000.0,5312055160.0,0.088737,0.049521,0.122916,17.4243,2.1417,0.057391,0.0189,0.329319,0.082437,0.064174,0.018263,True,Broadly consistent
IBM,IBM,Information Technology,IT Consulting & Other Services,218292535296.0,69094996872.0,10627275780.0,16472999936.0,34451971488.0,0.238411,0.153807,0.308466,20.5408,6.3361,0.048684,0.0292,0.599791,0.123451,0.068092,0.055359,True,Funds more growth than the price implies
IEX,IDEX Corporation,Industrials,Industrial Machinery & Supplies & Components,16558225408.0,3585300065.0,512353264.0,967699968.0,3992816647.0,0.269908,0.142904,0.128319,32.318,4.147,0.030943,0.0131,0.423366,0.073993,0.076076,-0.002083,True,Broadly consistent
IDXX,Idexx Laboratories,Health Care,Health Care Equipment,42462236672.0,4553223388.0,1121055359.0,1621684992.0,1610680024.0,0.356162,0.246211,0.696014,37.877,26.3629,0.026401,0.0,0.0,0.696014,0.078119,0.617894,False,Outside screen
ITW,Illinois Tool Works,Industrials,Industrial Machinery & Supplies & Components,76636831744.0,16469000776.0,3144191989.0,4806000128.0,2877903816.0,0.291821,0.190916,1.092529,24.3741,26.6294,0.041027,0.0255,0.621539,0.413479,0.071538,0.341941,False,Outside screen
INCY,Incyte,Health Care,Biotechnology,26113550336.0,5819530246.0,1639824747.0,1942312960.0,6398762572.0,0.333758,0.28178,0.256272,15.9246,4.081,0.062796,0.0,0.0,0.256272,0.061742,0.19453,True,Funds more growth than the price implies
IR,Ingersoll Rand,Industrials,Industrial Machinery & Supplies & Components,29099956224.0,7942199322.0,938958587.0,2014700032.0,10177612626.0,0.25367,0.118224,0.092257,30.9917,2.8592,0.032267,0.0011,0.034091,0.089112,0.07548,0.013632,True,Broadly consistent
PODD,Insulet Corporation,Health Care,Health Care Equipment,10274130944.0,3053400163.0,369657877.0,614899968.0,1422246580.0,0.201382,0.121064,0.259911,27.7936,7.2239,0.035979,0.0,0.0,0.259911,0.073809,0.186102,True,Funds more growth than the price implies
ICE,Intercontinental Exchange,Financials,Financial Exchanges & Data,88616124416.0,10558000104.0,3935375560.0,6713999872.0,29237985710.0,0.635916,0.372739,0.134598,22.5178,3.0309,0.044409,0.013,0.292732,0.095197,0.070016,0.025181,True,Funds more growth than the price implies
INTU,Intuit,Information Technology,Application Software,93806780416.0,21447999407.0,4499683728.0,6848999936.0,19099446852.0,0.31933,0.209795,0.235592,20.8474,4.9115,0.047968,0.016,0.333559,0.157008,0.068415,0.088594,True,Funds more growth than the price implies
ISRG,Intuitive Surgical,Health Care,Health Care Equipment,133236441088.0,11034400031.0,3120601812.0,4180800000.0,18393278666.0,0.378888,0.282807,0.16966,42.6957,7.2438,0.023422,0.0,0.0,0.16966,0.07946,0.0902,True,Funds more growth than the price implies
IQV,IQVIA,Health Care,Life Sciences Tools & Services,43428065280.0,16983000163.0,1351366040.0,3048000000.0,6171019058.0,0.179474,0.079572,0.218986,32.1364,7.0374,0.031117,0.0,0.0,0.218986,0.075997,0.142989,True,Funds more growth than the price implies
JBHT,J.B. Hunt,Industrials,Cargo Ground Transportation,24438544384.0,12701310420.0,660221993.0,1673964032.0,3657141478.0,0.131795,0.051981,0.18053,37.0156,6.6824,0.027016,0.007,0.25911,0.133753,0.077843,0.05591,True,Funds more growth than the price implies
JBL,Jabil,Information Technology,Electronic Manufacturing Services,31372208128.0,33590001407.0,837248883.0,2396999936.0,1322517813.0,0.071361,0.024926,0.633072,37.4706,23.7216,0.026688,0.0011,0.041218,0.606978,0.077991,0.528988,False,Outside screen
JKHY,Jack Henry & Associates,Financials,Transaction & Payment Processing Services,11710908416.0,2544339093.0,489385983.0,702214016.0,2101905847.0,0.275991,0.192343,0.23283,23.9298,5.5716,0.041789,0.0145,0.346982,0.152042,0.071195,0.080847,True,Funds more growth than the price implies
J,Jacobs Solutions,Industrials,Construction & Engineering,17214038016.0,14219216498.0,352286201.0,1056488000.0,3261866024.0,0.0743,0.024775,0.108001,48.8638,5.2774,0.020465,0.0098,0.478865,0.056283,0.080791,-0.024507,True,Priced above what the balance sheet can fund
JNJ,Johnson & Johnson,Health Care,Pharmaceuticals,663228121088.0,97929007594.0,20773323657.0,34872000512.0,85030855339.0,0.356095,0.212126,0.244303,31.9269,7.7999,0.031322,0.0198,0.632153,0.089866,0.075905,0.013961,True,Broadly consistent
JCI,Johnson Controls,Industrials,Building Products,84349493248.0,24995001191.0,2150382054.0,4325000192.0,13481986527.0,0.173035,0.086032,0.1595,39.2254,6.2565,0.025494,0.0115,0.451092,0.087551,0.078528,0.009023,True,Broadly consistent
KDP,Keurig Dr Pepper,Consumer Staples,Soft Drinks & Non-alcoholic Beverages,44349317120.0,20089999656.0,1374434191.0,4807000064.0,25032394234.0,0.239273,0.068414,0.054906,32.2673,1.7717,0.030991,0.0288,0.929299,0.003882,0.076054,-0.072172,True,Priced above what the balance sheet can fund
KEYS,Keysight Technologies,Information Technology,Electronic Equipment & Instruments,54765072384.0,6582000255.0,1265328963.0,1788000000.0,6571025157.0,0.27165,0.192241,0.192562,43.2813,8.3343,0.023105,0.0,0.0,0.192562,0.079603,0.112959,True,Funds more growth than the price implies
KMI,Kinder Morgan,Energy,Oil & Gas Storage & Transportation,71190863872.0,17959000363.0,3429275269.0,7634999808.0,31658444734.0,0.425135,0.19095,0.108321,20.7597,2.2487,0.04817,0.0368,0.763958,0.025568,0.068323,-0.042755,True,Priced above what the balance sheet can fund
KLAC,KLA Corporation,Information Technology,Semiconductor Materials & Equipment,225065746432.0,13579476823.0,4821157578.0,6054757888.0,6347203961.0,0.445876,0.355033,0.759572,46.6829,35.459,0.021421,0.0054,0.252088,0.568093,0.080361,0.487733,False,Outside screen
KR,Kroger,Consumer Staples,Food Retail,35668324352.0,148645009590.0,1053753313.0,8080000000.0,5668212473.0,0.054358,0.007089,0.185906,33.8488,6.2927,0.029543,0.0249,0.842836,0.029218,0.076706,-0.047488,True,Priced above what the balance sheet can fund
LHX,L3Harris,Industrials,Aerospace & Defense,48659742720.0,12856000336.0,1830489728.0,2146000000.0,19139324763.0,0.166926,0.142384,0.09564,26.5829,2.5424,0.037618,0.019,0.505075,0.047335,0.073072,-0.025737,True,Priced above what the balance sheet can fund
LH,LabCorp,Health Care,Health Care Services,26897627136.0,14347999849.0,980499041.0,2319800064.0,8628066766.0,0.161681,0.068337,0.113641,27.4326,3.1175,0.036453,0.0088,0.241407,0.086207,0.073596,0.012611,True,Broadly consistent
LRCX,Lam Research,Information Technology,Semiconductor Materials & Equipment,360780857344.0,23232691248.0,7195095483.0,8641328128.0,12471915350.0,0.371947,0.309697,0.576904,50.1426,28.9275,0.019943,0.0045,0.225642,0.44673,0.081026,0.365705,False,Outside screen
LW,Lamb Weston,Consumer Staples,Packaged Foods & Meats,7205492224.0,6612299527.0,284590134.0,1104300032.0,1825226346.0,0.167007,0.04304,0.15592,25.3188,3.9477,0.039496,0.0289,0.731715,0.041831,0.072227,-0.030395,True,Priced above what the balance sheet can fund
LVS,Las Vegas Sands,Consumer Discretionary,Casinos & Gaming,28848611328.0,13718999550.0,1696977137.0,4639000064.0,580987969.0,0.338144,0.123695,2.920847,17.0,49.6544,0.058824,0.0274,0.4658,1.560316,0.063529,1.496787,False,Outside screen
LDOS,Leidos,Industrials,Diversified Support Services,16788347904.0,17634000505.0,1345276495.0,2382000128.0,5283975008.0,0.13508,0.076289,0.254596,12.4795,3.1772,0.080132,0.0124,0.154746,0.215198,0.053941,0.161257,True,Funds more growth than the price implies
LEN,Lennar,Consumer Discretionary,Homebuilding,20134014976.0,32737234985.0,1536910930.0,2285495040.0,21620578962.0,0.069813,0.046947,0.071086,13.1003,0.9312,0.076334,0.0242,0.317028,0.048549,0.05565,-0.0071,True,Broadly consistent
LLY,Lilly (Eli),Health Care,Pharmaceuticals,1034491265024.0,79666004102.0,26582808608.0,41706999808.0,33887953883.0,0.523523,0.333678,0.784432,38.9158,30.5268,0.025697,0.006,0.233495,0.601272,0.078437,0.522835,False,Outside screen
LIN,Linde plc,Materials,Industrial Gases,224704790528.0,35448999337.0,7145192847.0,13822000128.0,39080976688.0,0.389912,0.201563,0.18283,31.4484,5.7497,0.031798,0.0131,0.411974,0.107509,0.075691,0.031818,True,Funds more growth than the price implies
LKQ,LKQ Corporation,Consumer Discretionary,Distributors,6256741376.0,13688000227.0,455403739.0,1403000064.0,6436878714.0,0.102499,0.03327,0.070749,13.7389,0.972,0.072786,0.0486,0.66771,0.023509,0.057246,-0.033737,True,Priced above what the balance sheet can fund
LMT,Lockheed Martin,Industrials,Aerospace & Defense,122676822016.0,77013998050.0,6109031095.0,9680000000.0,8798205058.0,0.125691,0.079324,0.69435,20.0812,13.9434,0.049798,0.0253,0.508055,0.341582,0.067591,0.273991,False,Outside screen
L,Loews Corporation,Financials,Multi-line Insurance,22270355456.0,18694000594.0,1670174445.0,3236999936.0,19117670047.0,0.173157,0.089343,0.087363,13.3341,1.1649,0.074995,0.0023,0.030669,0.084684,0.056252,0.028432,True,Funds more growth than the price implies
LULU,Lululemon Athletica,Consumer Discretionary,"Apparel, Accessories & Luxury Goods",13634418688.0,11203543320.0,1427372723.0,2565969920.0,4788909560.0,0.229032,0.127404,0.298058,9.5521,2.8471,0.104689,0.0,0.0,0.298058,0.04289,0.255168,True,Funds more growth than the price implies
MPC,Marathon Petroleum,Energy,Oil & Gas Refining & Marketing,108679184384.0,154145994407.0,8183233677.0,15397000192.0,18930397413.0,0.099886,0.053088,0.43228,13.2807,5.741,0.075297,0.0104,0.138119,0.372574,0.056116,0.316458,False,Outside screen
MKTX,MarketAxess,Financials,Financial Exchanges & Data,5730458624.0,870025037.0,297731867.0,434956000.0,1238965843.0,0.499935,0.342211,0.240307,19.247,4.6252,0.051956,0.0192,0.369543,0.151503,0.06662,0.084883,True,Funds more growth than the price implies
MLM,Martin Marietta Materials,Materials,Construction Materials,36721991680.0,6688000026.0,1093698478.0,2126000000.0,13654897027.0,0.317883,0.163531,0.080096,33.576,2.6893,0.029783,0.0067,0.224959,0.062077,0.076598,-0.01452,True,Broadly consistent
MA,Mastercard,Financials,Transaction & Payment Processing Services,515216474112.0,35083001747.0,15934620437.0,22200999936.0,5602959230.0,0.632814,0.454198,2.843965,32.3332,91.9544,0.030928,0.006,0.193999,2.292239,0.076082,2.216157,False,Outside screen
MKC,McCormick & Company,Consumer Staples,Packaged Foods & Meats,14464212992.0,7385800197.0,1615797771.0,1451500032.0,6995517060.0,0.196526,0.218771,0.230976,8.9517,2.0676,0.11171,0.0354,0.316892,0.157782,0.03973,0.118051,True,Funds more growth than the price implies
MDT,Medtronic,Health Care,Health Care Equipment,117988630528.0,36363998800.0,4774328400.0,10103000064.0,49455897301.0,0.27783,0.131293,0.096537,24.7131,2.3857,0.040464,0.0318,0.785878,0.020671,0.071791,-0.05112,True,Priced above what the balance sheet can fund
META,Meta Platforms,Communication Services,Interactive Media & Services,1510288916480.0,228246995874.0,67636283600.0,109654999040.0,261170316613.0,0.480423,0.296329,0.258974,22.3296,5.7828,0.044784,0.0036,0.080386,0.238156,0.069847,0.168309,True,Funds more growth than the price implies
MET,MetLife,Financials,Life & Health Insurance,61272682496.0,79398005327.0,3317189407.0,6040000000.0,27343300116.0,0.076072,0.041779,0.121316,18.4713,2.2409,0.054138,0.0251,0.463629,0.065071,0.065638,-0.000567,True,Broadly consistent
MGM,MGM Resorts,Consumer Discretionary,Casinos & Gaming,10602474496.0,17761442268.0,422154511.0,2237483008.0,2556465286.0,0.125974,0.023768,0.165132,25.1152,4.1473,0.039817,0.0,0.0,0.165132,0.072083,0.09305,True,Funds more growth than the price implies
MU,Micron Technology,Information Technology,Semiconductors,1079790206976.0,90273996938.0,51184097753.0,68222001152.0,100758805882.0,0.755722,0.566986,0.507986,21.0962,10.7166,0.047402,0.0006,0.012658,0.501556,0.068669,0.432887,False,Outside screen
MSFT,Microsoft,Information Technology,Systems Software,3689159589888.0,331839021041.0,133214288963.0,194237005824.0,442302635320.0,0.585335,0.401443,0.301184,27.6934,8.3408,0.03611,0.0073,0.202162,0.240296,0.073751,0.166545,True,Funds more growth than the price implies
MHK,Mohawk Industries,Consumer Discretionary,Home Furnishings,8753123328.0,11177599981.0,511423008.0,1504199936.0,9562526558.0,0.134573,0.045754,0.053482,17.1152,0.9154,0.058427,0.0,0.0,0.053482,0.063708,-0.010226,True,Broadly consistent
MOH,Molina Healthcare,Health Care,Managed Health Care,10576763904.0,42468998401.0,8352000.0,390000000.0,4187066282.0,0.009183,0.000197,0.001995,1266.375,2.5261,0.00079,0.0,0.0,0.001995,0.089645,-0.08765,False,Outside screen
MDLZ,Mondelez International,Consumer Staples,Packaged Foods & Meats,79705440256.0,39674999933.0,3484321087.0,6080000000.0,26551036055.0,0.153245,0.087822,0.131231,22.8755,3.002,0.043715,0.0338,0.77319,0.029764,0.070328,-0.040564,True,Priced above what the balance sheet can fund
MPWR,Monolithic Power Systems,Information Technology,Semiconductors,59923009536.0,3273157823.0,802996634.0,1000281984.0,3895516314.0,0.305602,0.245328,0.206134,74.6242,15.3826,0.0134,0.0065,0.485058,0.106147,0.08397,0.022177,True,Funds more growth than the price implies
MNST,Monster Beverage,Consumer Staples,Soft Drinks & Non-alcoholic Beverages,87021076480.0,9218956457.0,2115775835.0,2933317120.0,9364268160.0,0.318183,0.229503,0.225941,41.1296,9.2929,0.024313,0.0,0.0,0.225941,0.079059,0.146882,True,Funds more growth than the price implies
MCO,Moody's Corporation,Financials,Financial Exchanges & Data,84858683392.0,8160000357.0,2732795967.0,4052999936.0,3024952049.0,0.496691,0.334901,0.903418,31.052,28.0529,0.032204,0.0083,0.257731,0.670579,0.075508,0.595071,False,Outside screen
MSI,Motorola Solutions,Information Technology,Communications Equipment,79258288128.0,12236999664.0,2096806378.0,3758000128.0,2671897311.0,0.307101,0.17135,0.784763,37.7995,29.6637,0.026455,0.0099,0.374215,0.491093,0.078095,0.412998,False,Outside screen
NDAQ,"Nasdaq, Inc.",Financials,Financial Exchanges & Data,53505310720.0,5614000023.0,1917292267.0,3352999936.0,11923545064.0,0.597257,0.34152,0.160799,27.9067,4.4874,0.035834,0.0119,0.33209,0.107399,0.073875,0.033524,True,Funds more growth than the price implies
NTAP,NetApp,Information Technology,"Technology Hardware, Storage & Peripherals",35473268736.0,6924999973.0,1230388864.0,1884000000.0,1352642760.0,0.272058,0.177673,0.909618,28.8309,26.2252,0.034685,0.0114,0.328673,0.610652,0.074392,0.53626,False,Outside screen
NFLX,Netflix,Communication Services,Movies & Entertainment,344482742272.0,48370766029.0,13241328665.0,14726931456.0,30151087032.0,0.304459,0.273747,0.439166,26.0157,11.4252,0.038438,0.0,0.0,0.439166,0.072703,0.366463,False,Outside screen
NEM,Newmont,Materials,Gold,131880132608.0,25767001287.0,8534907911.0,17057999872.0,35066879105.0,0.66201,0.331234,0.243389,15.4519,3.7608,0.064717,0.0085,0.131341,0.211422,0.060877,0.150545,True,Funds more growth than the price implies
NWSA,News Corp (Class A),Communication Services,Publishing,16457078784.0,9027999933.0,553043757.0,1338000000.0,8423984251.0,0.148206,0.061259,0.065651,29.7573,1.9536,0.033605,0.0065,0.193422,0.052953,0.074878,-0.021925,True,Priced above what the balance sheet can fund
NEE,NextEra Energy,Utilities,Multi-Utilities,173344784384.0,28699999799.0,9282602774.0,14593000448.0,57130772461.0,0.508467,0.323436,0.16248,18.6742,3.0342,0.05355,0.0301,0.562092,0.071151,0.065903,0.005249,True,Broadly consistent
NKE,"Nike, Inc.",Consumer Discretionary,"Apparel, Accessories & Luxury Goods",56728993792.0,46398000975.0,3130182450.0,4928999936.0,14870591784.0,0.106233,0.067464,0.210495,18.1232,3.8148,0.055178,0.043,0.779299,0.046456,0.06517,-0.018713,True,Broadly consistent
NI,NiSource,Utilities,Multi-Utilities,19733899264.0,6881500221.0,901573040.0,3025999872.0,9575856986.0,0.43973,0.131014,0.094151,21.8883,2.0608,0.045687,0.0293,0.641327,0.033769,0.069441,-0.035672,True,Priced above what the balance sheet can fund
NDSN,Nordson Corporation,Industrials,Industrial Machinery & Supplies & Components,17636091904.0,2979794897.0,549752794.0,957891008.0,3269051813.0,0.321462,0.184494,0.168169,32.08,5.3949,0.031172,0.012,0.38496,0.103431,0.075973,0.027458,True,Funds more growth than the price implies
NSC,Norfolk Southern Railway,Industrials,Rail Transportation,74134241280.0,12540000156.0,2632410191.0,5663000064.0,16253110733.0,0.451595,0.209921,0.161963,28.1621,4.5612,0.035509,0.0162,0.456226,0.088071,0.074021,0.01405,True,Broadly consistent
NOC,Northrop Grumman,Industrials,Aerospace & Defense,74415456256.0,42892001327.0,4391168250.0,7255000064.0,17884030495.0,0.169146,0.102377,0.245536,16.9466,4.161,0.059009,0.0185,0.313512,0.168557,0.063446,0.105111,True,Funds more growth than the price implies
NCLH,Norwegian Cruise Line Holdings,Consumer Discretionary,"Hotels, Resorts & Cruise Lines",7149554688.0,10154306337.0,757659938.0,2594191872.0,2572829533.0,0.255477,0.074615,0.294485,9.4364,2.7789,0.105973,0.0,0.0,0.294485,0.042312,0.252173,True,Funds more growth than the price implies
NRG,NRG Energy,Utilities,Independent Power Producers & Energy Traders,23352281088.0,33124999690.0,807208204.0,3252999936.0,4202948322.0,0.098204,0.024369,0.192058,28.9297,5.5562,0.034567,0.0174,0.503377,0.09538,0.074445,0.020935,True,Funds more growth than the price implies
NUE,Nucor,Materials,Steel,59888373760.0,36101001494.0,2840483538.0,5680999936.0,22109033818.0,0.157364,0.078682,0.128476,21.0839,2.7088,0.04743,0.0089,0.187646,0.104368,0.068657,0.035711,True,Funds more growth than the price implies
NVDA,Nvidia,Information Technology,Semiconductors,5418828431360.0,302970001294.0,197280995875.0,201266003968.0,228985990184.0,0.66431,0.651157,0.861542,27.4676,23.6645,0.036407,0.0046,0.126351,0.752685,0.073617,0.679068,False,Outside screen
NVR,"NVR, Inc.",Consumer Discretionary,Homebuilding,16944540672.0,9631335601.0,1038694893.0,1536605952.0,3391195156.0,0.159542,0.107845,0.306292,16.3133,4.9966,0.0613,0.0,0.0,0.306292,0.062415,0.243877,True,Funds more growth than the price implies
NXPI,NXP Semiconductors,Information Technology,Semiconductors,57619513344.0,13185000447.0,2955364098.0,5068000256.0,11394542704.0,0.384376,0.224146,0.259367,19.4966,5.0568,0.051291,0.0182,0.354838,0.167334,0.066919,0.100414,True,Funds more growth than the price implies
OXY,Occidental Petroleum,Energy,Oil & Gas Exploration & Production,60887912448.0,23925999540.0,3388770698.0,13717999616.0,33456865757.0,0.573351,0.141635,0.101288,17.9676,1.8199,0.055656,0.0184,0.330603,0.067802,0.064955,0.002847,True,Broadly consistent
ODFL,Old Dominion,Industrials,Cargo Ground Transportation,39016931328.0,5602506555.0,1085594486.0,1793243008.0,4558249220.0,0.320079,0.193769,0.23816,35.9406,8.5596,0.027824,0.0062,0.222832,0.185091,0.077479,0.107611,True,Funds more growth than the price implies
ON,ON Semiconductor,Information Technology,Semiconductors,28163307520.0,6197800506.0,595657458.0,2089900032.0,7219134633.0,0.3372,0.096108,0.082511,47.281,3.9012,0.02115,0.0,0.0,0.082511,0.080482,0.002028,True,Broadly consistent
OKE,ONEOK,Energy,Oil & Gas Storage & Transportation,60521791488.0,39365999482.0,3649840357.0,7670000128.0,22937261960.0,0.194838,0.092716,0.159123,16.582,2.6386,0.060306,0.0447,0.741217,0.041178,0.062862,-0.021684,True,Priced above what the balance sheet can fund
ORCL,Oracle Corporation,Information Technology,Application Software,419828662272.0,67357004052.0,17340435999.0,30493999104.0,37561343899.0,0.452722,0.257441,0.461656,24.211,11.1771,0.041304,0.0142,0.343796,0.302941,0.071413,0.231528,False,Outside screen
PCAR,Paccar,Industrials,Construction Machinery & Heavy Transportation Equipment,64284950528.0,27815799909.0,2500233481.0,3271600128.0,20321371115.0,0.117617,0.089885,0.123035,25.7116,3.1634,0.038893,0.0114,0.293112,0.086972,0.072498,0.014474,True,Broadly consistent
PKG,Packaging Corporation of America,Materials,Paper & Plastic Packaging Products & Materials,20808015872.0,9534600185.0,699421618.0,2000099968.0,4690312032.0,0.209773,0.073356,0.14912,29.7503,4.4364,0.033613,0.0262,0.779458,0.032887,0.074874,-0.041987,True,Priced above what the balance sheet can fund
PLTR,Palantir Technologies,Information Technology,Internet Services & Infrastructure,407222288384.0,6155940367.0,2811578410.0,2662629888.0,9775641112.0,0.43253,0.456726,0.287611,144.8376,41.6568,0.006904,0.0,0.0,0.287611,0.086893,0.200718,False,Outside screen
PANW,Palo Alto Networks,Information Technology,Systems Software,267711201280.0,10606499649.0,945400005.0,1483500032.0,27736080560.0,0.139867,0.089134,0.034086,283.1724,9.6521,0.003531,0.0,0.0,0.034086,0.088411,-0.054325,False,Outside screen
PH,Parker Hannifin,Industrials,Industrial Machinery & Supplies & Components,119666950144.0,21499000190.0,3588571563.0,5664000000.0,15397580914.0,0.263454,0.166918,0.233061,33.3467,7.7718,0.029988,0.0084,0.280112,0.167778,0.076505,0.091272,True,Funds more growth than the price implies
PAYX,Paychex,Industrials,Human Resource & Employment Services,44104671232.0,3968000184.0,1714391253.0,1608000000.0,3736092364.0,0.405242,0.432054,0.458873,25.7261,11.805,0.038871,0.0379,0.975021,0.011462,0.072508,-0.061046,False,Outside screen
PAYC,Paycom,Industrials,Human Resource & Employment Services,10648170496.0,2140700020.0,425926820.0,735100032.0,592150928.0,0.343392,0.198966,0.719288,25.0,17.9822,0.04,0.0063,0.1575,0.606,0.072,0.534,False,Outside screen
PYPL,PayPal,Financials,Transaction & Payment Processing Services,46768041984.0,34127997524.0,4525387637.0,6456000000.0,19669611547.0,0.18917,0.1326,0.23007,10.3346,2.3777,0.096762,0.0107,0.11058,0.204629,0.046457,0.158172,True,Funds more growth than the price implies
PNR,Pentair,Industrials,Industrial Machinery & Supplies & Components,9550464000.0,4011799916.0,612864000.0,1034800000.0,3748365419.0,0.257939,0.152765,0.163502,15.5833,2.5479,0.064171,0.0175,0.272708,0.118913,0.061123,0.05779,True,Funds more growth than the price implies
PEP,PepsiCo,Consumer Staples,Soft Drinks & Non-alcoholic Beverages,191950323712.0,96904006136.0,10477220203.0,18882000896.0,22097781478.0,0.194853,0.10812,0.47413,18.3207,8.6864,0.054583,0.0423,0.774967,0.106695,0.065438,0.041257,False,Outside screen
PCG,PG&E Corporation,Utilities,Multi-Utilities,29357551616.0,25837001757.0,2907124391.0,10453000192.0,32321935285.0,0.404575,0.112518,0.089943,10.0985,0.9083,0.099025,0.0142,0.143398,0.077045,0.045439,0.031606,True,Funds more growth than the price implies
PSX,Phillips 66,Energy,Oil & Gas Refining & Marketing,102675447808.0,152167005518.0,7024381450.0,9925000192.0,31657027764.0,0.065224,0.046162,0.22189,14.617,3.2434,0.068413,0.0202,0.295264,0.156374,0.059214,0.09716,True,Funds more growth than the price implies
PNW,Pinnacle West,Utilities,Multi-Utilities,11802185728.0,5554253871.0,629013595.0,2149111040.0,7035135621.0,0.386931,0.113249,0.08941,18.763,1.6776,0.053296,0.0373,0.69986,0.026836,0.066017,-0.039181,True,Priced above what the balance sheet can fund
POOL,Pool Corporation,Consumer Discretionary,Distributors,6649993728.0,5394292515.0,395750761.0,642593024.0,1260006470.0,0.119125,0.073365,0.314086,16.8035,5.2777,0.059511,0.0285,0.478899,0.163671,0.06322,0.100451,True,Funds more growth than the price implies
PPG,PPG Industries,Materials,Specialty Chemicals,24744212480.0,16420999161.0,1549430967.0,2697999872.0,8442953903.0,0.164302,0.094357,0.183518,15.9699,2.9308,0.062618,0.027,0.431187,0.104387,0.061822,0.042565,True,Funds more growth than the price implies
PPL,PPL Corporation,Utilities,Electric Utilities,25992898560.0,9397999798.0,1271800769.0,3759000064.0,15048638074.0,0.399979,0.135327,0.084513,20.4379,1.7273,0.048929,0.0331,0.676493,0.02734,0.067982,-0.040642,True,Priced above what the balance sheet can fund
PFG,Principal Financial Group,Financials,Life & Health Insurance,23831986176.0,15693200502.0,1503014491.0,2151500032.0,12112755720.0,0.137098,0.095775,0.124085,15.8561,1.9675,0.063067,0.0307,0.486783,0.063683,0.06162,0.002063,True,Broadly consistent
PG,Procter & Gamble,Consumer Staples,Personal Care Products,342919348224.0,87031996736.0,15376091068.0,24752001024.0,53298367012.0,0.284401,0.176672,0.288491,22.3021,6.434,0.044839,0.0298,0.664603,0.096759,0.069823,0.026936,True,Funds more growth than the price implies
PGR,Progressive Corporation,Financials,Property & Casualty Insurance,128643923968.0,91018999614.0,11627811539.0,15397999616.0,34338943049.0,0.169173,0.127751,0.338619,11.0635,3.7463,0.090388,0.0018,0.019914,0.331875,0.049326,0.28255,True,Funds more growth than the price implies
PLD,Prologis,Real Estate,Industrial REITs,132777959424.0,9657473676.0,4257760175.0,6737149952.0,55909837926.0,0.69761,0.440877,0.076154,31.1849,2.3749,0.032067,0.0306,0.954259,0.003483,0.07557,-0.072087,True,Priced above what the balance sheet can fund
PRU,Prudential Financial,Financials,Life & Health Insurance,41344798720.0,65223994470.0,3805349882.0,5206000128.0,31557496726.0,0.079817,0.058343,0.120585,10.8649,1.3101,0.092039,0.0478,0.519343,0.05796,0.048582,0.009378,True,Broadly consistent
PTC,PTC Inc.,Information Technology,Application Software,16181539840.0,2953972046.0,1092658125.0,1275965952.0,3400478014.0,0.431949,0.369895,0.321325,14.8093,4.7586,0.067525,0.0,0.0,0.321325,0.059614,0.261711,True,Funds more growth than the price implies
PEG,Public Service Enterprise Group,Utilities,Electric Utilities,36544155648.0,12542999903.0,1998664268.0,4463000064.0,17343522949.0,0.355816,0.159345,0.11524,18.2843,2.1071,0.054692,0.0365,0.667377,0.038331,0.065389,-0.027057,True,Priced above what the balance sheet can fund
PHM,PulteGroup,Consumer Discretionary,Homebuilding,23563161600.0,16407075960.0,1864861375.0,2753777920.0,13208895771.0,0.167841,0.113662,0.141182,12.6353,1.7839,0.079143,0.0084,0.106137,0.126198,0.054386,0.071812,True,Funds more growth than the price implies
QRVO,Qorvo,Information Technology,Semiconductors,8877742080.0,3644533935.0,380235202.0,885481024.0,3472050465.0,0.242961,0.10433,0.109513,23.348,2.5569,0.04283,0.0,0.0,0.109513,0.070726,0.038787,True,Funds more growth than the price implies
QCOM,Qualcomm,Information Technology,Semiconductors,181527560192.0,44068997492.0,9527099535.0,11998999552.0,27947938231.0,0.272278,0.216186,0.340887,19.0538,6.4952,0.052483,0.0221,0.421089,0.197343,0.066383,0.130961,True,Funds more growth than the price implies
PWR,Quanta Services,Industrials,Construction & Engineering,91826741248.0,32905139694.0,1312497873.0,3045004032.0,9642423934.0,0.092539,0.039887,0.136117,69.9634,9.5232,0.014293,0.0007,0.048974,0.129451,0.083568,0.045883,True,Funds more growth than the price implies
DGX,Quest Diagnostics,Health Care,Health Care Services,26577905664.0,11559999435.0,1040820807.0,2265999872.0,7541480892.0,0.196021,0.090036,0.138013,25.5355,3.5242,0.039161,0.0146,0.372819,0.086559,0.072377,0.014182,True,Broadly consistent
RL,Ralph Lauren Corporation,Consumer Discretionary,"Apparel, Accessories & Luxury Goods",20049424384.0,8355199602.0,946166001.0,1593200000.0,2720763510.0,0.190684,0.113243,0.347758,21.1902,7.369,0.047192,0.0117,0.247925,0.26154,0.068764,0.192776,True,Funds more growth than the price implies
REGN,Regeneron Pharmaceuticals,Health Care,Biotechnology,87720747008.0,15534698825.0,4306607569.0,4702400000.0,32545203578.0,0.302703,0.277225,0.132327,20.3689,2.6954,0.049095,0.0046,0.093697,0.119928,0.067907,0.052021,True,Funds more growth than the price implies
RSG,Republic Services,Industrials,Environmental & Facilities Services,68138516480.0,16890999462.0,2161863771.0,5256999936.0,12040294069.0,0.311231,0.127989,0.179552,31.5184,5.6592,0.031727,0.012,0.378221,0.111642,0.075723,0.035919,True,Funds more growth than the price implies
RMD,ResMed,Health Care,Health Care Equipment,33303529472.0,5653443222.0,1504551533.0,2095774976.0,6585982652.0,0.370708,0.26613,0.228448,22.1352,5.0567,0.045177,0.0114,0.252341,0.170801,0.06967,0.10113,True,Funds more growth than the price implies
RVTY,Revvity,Health Care,Health Care Equipment,14611123200.0,2911811188.0,239910760.0,875832000.0,7228900913.0,0.300786,0.082392,0.033188,60.9023,2.0212,0.01642,0.0022,0.133985,0.028741,0.082611,-0.05387,True,Priced above what the balance sheet can fund
ROK,Rockwell Automation,Industrials,Electrical Components & Equipment,47331487744.0,8972999711.0,1189518535.0,2092000000.0,3501123664.0,0.233144,0.132566,0.339753,39.7905,13.5189,0.025132,0.0132,0.525234,0.161303,0.078691,0.082613,True,Funds more growth than the price implies
ROL,"Rollins, Inc.",Industrials,Environmental & Facilities Services,17181702144.0,3924019091.0,529259937.0,865038016.0,1429482981.0,0.220447,0.134877,0.370246,32.4636,12.0195,0.030804,0.0202,0.655765,0.127451,0.076138,0.051313,True,Funds more growth than the price implies
ROP,Roper Technologies,Information Technology,Electronic Equipment & Instruments,41121992704.0,8280300506.0,2360763765.0,3238000128.0,18700472334.0,0.391049,0.285106,0.126241,17.4189,2.199,0.057409,0.0087,0.151545,0.10711,0.064166,0.042944,True,Funds more growth than the price implies
ROST,Ross Stores,Consumer Discretionary,Apparel Retail,74052313088.0,24511797863.0,2672106424.0,3910100992.0,6808898763.0,0.159519,0.109013,0.392443,27.7131,10.8758,0.036084,0.0078,0.216162,0.307612,0.073762,0.23385,True,Funds more growth than the price implies
RCL,Royal Caribbean Group,Consumer Discretionary,"Hotels, Resorts & Cruise Lines",71035273216.0,18681998606.0,4327374701.0,6926000128.0,10236192695.0,0.370731,0.231633,0.422752,16.4153,6.9396,0.060919,0.0188,0.308608,0.292288,0.062587,0.229701,False,Outside screen
RTX,RTX Corporation,Industrials,Aerospace & Defense,270602862592.0,93499998805.0,7493534794.0,15895000064.0,66377088665.0,0.17,0.080145,0.112893,36.1115,4.0768,0.027692,0.0142,0.512783,0.055004,0.077539,-0.022535,True,Priced above what the balance sheet can fund
SPGI,S&P Global,Financials,Financial Exchanges & Data,127268102144.0,16122000296.0,4840615777.0,8143000064.0,31500851490.0,0.505086,0.300249,0.153666,26.2917,4.0401,0.038035,0.0088,0.231367,0.118113,0.072884,0.045229,True,Funds more growth than the price implies
CRM,Salesforce,Information Technology,Application Software,211453378560.0,43938002829.0,8987159514.0,12899000320.0,38378135343.0,0.293573,0.204542,0.234174,23.5284,5.5097,0.042502,0.0068,0.159993,0.196708,0.070874,0.125834,True,Funds more growth than the price implies
SLB,Schlumberger,Energy,Oil & Gas Equipment & Services,86273245184.0,36366000600.0,3101859323.0,7383000064.0,26073428131.0,0.203019,0.085296,0.118966,27.8134,3.3089,0.035954,0.0206,0.572956,0.050804,0.073821,-0.023017,True,Priced above what the balance sheet can fund
STX,Seagate Technology,Information Technology,"Technology Hardware, Storage & Peripherals",183251140608.0,12195000647.0,3145825601.0,4502000128.0,2165588180.0,0.369168,0.25796,1.452643,58.2522,84.6196,0.017167,0.0036,0.209708,1.148012,0.082275,1.065737,False,Outside screen
SRE,Sempra,Utilities,Multi-Utilities,54790311936.0,13551999693.0,2255956274.0,5873999872.0,32692400415.0,0.433442,0.166467,0.069006,24.287,1.6759,0.041174,0.0312,0.757753,0.016716,0.071472,-0.054755,True,Priced above what the balance sheet can fund
NOW,ServiceNow,Information Technology,Systems Software,141349617664.0,14732001158.0,1654179259.0,2896999936.0,12515934299.0,0.196647,0.112285,0.132166,85.45,11.2936,0.011703,0.0,0.0,0.132166,0.084734,0.047432,True,Funds more growth than the price implies
SHW,Sherwin-Williams,Materials,Specialty Chemicals,80413638656.0,24410300910.0,2646063883.0,4709100032.0,3877575922.0,0.192914,0.108399,0.682402,30.3899,20.7381,0.032906,0.0097,0.294782,0.481242,0.075192,0.406049,False,Outside screen
SPG,Simon Property Group,Real Estate,Retail REITs,79796854784.0,6940724294.0,5337506081.0,5125174784.0,5155666549.0,0.738421,0.769013,1.03527,14.9502,15.4775,0.066889,0.042,0.627909,0.385215,0.0599,0.325315,False,Outside screen
SNA,Snap-on,Industrials,Industrial Machinery & Supplies & Components,19686825984.0,5274899809.0,1013334352.0,1415500032.0,6042038493.0,0.268346,0.192105,0.167714,19.4278,3.2583,0.051473,0.0256,0.497351,0.084301,0.066837,0.017464,True,Broadly consistent
SOLV,Solventum,Health Care,Health Care Technology,15643560960.0,8310000046.0,1392430127.0,1139000064.0,4803032664.0,0.137064,0.167561,0.289906,11.2347,3.257,0.08901,0.0,0.0,0.289906,0.049946,0.239961,True,Funds more growth than the price implies
SO,Southern Company,Utilities,Electric Utilities,101588557824.0,30179000591.0,4774006511.0,14257999872.0,39570184272.0,0.472448,0.15819,0.120647,21.2795,2.5673,0.046994,0.0345,0.734143,0.032075,0.068853,-0.036778,True,Priced above what the balance sheet can fund
LUV,Southwest Airlines,Industrials,Passenger Airlines,18888329216.0,30073000452.0,782733145.0,2337999872.0,7081777741.0,0.077744,0.026028,0.110528,24.1312,2.6672,0.04144,0.0191,0.460907,0.059585,0.071352,-0.011767,True,Broadly consistent
SWK,Stanley Black & Decker,Industrials,Industrial Machinery & Supplies & Components,14632002560.0,15247700116.0,617658071.0,1791000064.0,8959062967.0,0.11746,0.040508,0.068942,23.6895,1.6332,0.042213,0.0356,0.843346,0.0108,0.071004,-0.060204,True,Priced above what the balance sheet can fund
STLD,Steel Dynamics,Materials,Steel,35493769216.0,20538677222.0,1671205577.0,2674440960.0,9401033722.0,0.130215,0.081369,0.177768,21.2384,3.7755,0.047084,0.0091,0.19327,0.143411,0.068812,0.074599,True,Funds more growth than the price implies
STE,Steris,Health Care,Health Care Equipment,22459152384.0,6037499714.0,797550972.0,1640499968.0,7206721071.0,0.271718,0.1321,0.110668,28.1601,3.1164,0.035511,0.0112,0.315394,0.075764,0.07402,0.001744,True,Broadly consistent
SYK,Stryker Corporation,Health Care,Health Care Equipment,119747674112.0,25837000017.0,3701480045.0,7376000000.0,23987891461.0,0.285482,0.143263,0.154306,32.3513,4.992,0.030911,0.0111,0.359099,0.098895,0.07609,0.022805,True,Funds more growth than the price implies
SMCI,Supermicro,Information Technology,"Technology Hardware, Storage & Peripherals",24307718144.0,39063074039.0,2141707058.0,2824158976.0,10979862029.0,0.072297,0.054827,0.195058,11.3497,2.2138,0.088108,0.0,0.0,0.195058,0.050351,0.144706,True,Funds more growth than the price implies
SNPS,Synopsys,Information Technology,Application Software,79715090432.0,9416465706.0,1099994276.0,2075485952.0,31157626939.0,0.22041,0.116816,0.035304,72.4686,2.5584,0.013799,0.0,0.0,0.035304,0.08379,-0.048486,True,Priced above what the balance sheet can fund
SYY,Sysco,Consumer Staples,Food Distributors,39170891776.0,84552999549.0,1753491486.0,4493000192.0,2669043957.0,0.053138,0.020738,0.656974,22.3388,14.676,0.044765,0.0268,0.59868,0.263657,0.069856,0.193801,False,Outside screen
TMUS,T-Mobile US,Communication Services,Wireless Telecommunication Services,200911405056.0,92188999690.0,10254741230.0,34370998272.0,56152217661.0,0.372832,0.111236,0.182624,19.592,3.578,0.051041,0.0224,0.438862,0.102477,0.067032,0.035446,True,Funds more growth than the price implies
TROW,T. Rowe Price,Financials,Asset Management & Custody Banks,23332487168.0,7591999883.0,2133158454.0,2963800064.0,11002617933.0,0.390385,0.280975,0.193877,10.938,2.1206,0.091424,0.0477,0.521743,0.092723,0.048859,0.043864,True,Funds more growth than the price implies
TPR,"Tapestry, Inc.",Consumer Discretionary,"Apparel, Accessories & Luxury Goods",24553091072.0,8004200086.0,1449577490.0,2023500032.0,688698883.0,0.252805,0.181102,2.104806,16.9381,35.6514,0.059038,0.0151,0.255765,1.56647,0.063433,1.503037,False,Outside screen
TRGP,Targa Resources,Energy,Oil & Gas Storage & Transportation,62926925824.0,16741500054.0,2240804113.0,5497699840.0,3132194099.0,0.328388,0.133847,0.71541,28.0823,20.0904,0.03561,0.0169,0.474591,0.375883,0.073976,0.301908,False,Outside screen
TGT,Target Corporation,Consumer Staples,Consumer Staples Merchandise Retail,74213916672.0,107705002659.0,4379420646.0,8593000448.0,17843412608.0,0.079783,0.040661,0.245436,16.9461,4.1592,0.059011,0.0283,0.479573,0.127732,0.063445,0.064286,True,Funds more growth than the price implies
TEL,TE Connectivity,Information Technology,Electronic Manufacturing Services,58542469120.0,19321999092.0,2874866319.0,4951000064.0,13226411275.0,0.256236,0.148787,0.217358,20.3635,4.4262,0.049107,0.015,0.305453,0.150965,0.067902,0.083064,True,Funds more growth than the price implies
TDY,Teledyne Technologies,Information Technology,Electronic Equipment & Instruments,28108224512.0,6374399961.0,959562384.0,1592400000.0,10918614326.0,0.249812,0.150534,0.087883,29.2928,2.5743,0.034138,0.0,0.0,0.087883,0.074638,0.013245,True,Broadly consistent
TER,Teradyne,Information Technology,Semiconductor Materials & Equipment,53409128448.0,4464031153.0,1138160691.0,1504893952.0,3139791516.0,0.337115,0.254963,0.362496,46.9258,17.0104,0.02131,0.0016,0.075081,0.335279,0.08041,0.254869,True,Funds more growth than the price implies
TSLA,"Tesla, Inc.",Consumer Discretionary,Automobile Manufacturers,1410028011520.0,103619002666.0,4226016000.0,10755000320.0,86870296754.0,0.103794,0.040784,0.048647,333.6542,16.2314,0.002997,0.0,0.0,0.048647,0.088651,-0.040004,False,Outside screen
TXN,Texas Instruments,Information Technology,Semiconductors,232695513088.0,19452999292.0,6045699751.0,9520000000.0,18011984516.0,0.489385,0.310785,0.335649,38.4894,12.9189,0.025981,0.0224,0.862163,0.046265,0.078308,-0.032044,True,Priced above what the balance sheet can fund
TXT,Textron,Industrials,Aerospace & Defense,13628242944.0,15299000940.0,908090898.0,1680000000.0,8056382645.0,0.109811,0.059356,0.112717,15.0076,1.6916,0.066633,0.001,0.015008,0.111025,0.060015,0.05101,True,Funds more growth than the price implies
TMO,Thermo Fisher Scientific,Health Care,Life Sciences Tools & Services,225006010368.0,46336003321.0,6951248882.0,11738999808.0,52679009700.0,0.253345,0.150018,0.131955,32.3692,4.2713,0.030894,0.0031,0.100344,0.118714,0.076098,0.042616,True,Funds more growth than the price implies
TJX,TJX Companies,Consumer Discretionary,Apparel Retail,144437592064.0,62363003142.0,5851861928.0,8903000064.0,10355155498.0,0.142761,0.093835,0.565116,24.6823,13.9484,0.040515,0.0144,0.355426,0.364259,0.071768,0.292491,False,Outside screen
TSCO,Tractor Supply,Consumer Discretionary,Other Specialty Retail,18163460096.0,15750723343.0,1005607515.0,1931484032.0,2618226758.0,0.122628,0.063845,0.38408,18.0622,6.9373,0.055364,0.0277,0.500322,0.191916,0.065086,0.12683,True,Funds more growth than the price implies
TT,Trane Technologies,Industrials,Building Products,96594575360.0,22209901045.0,2946110346.0,4308400128.0,8612147230.0,0.193986,0.132649,0.342088,32.7871,11.2161,0.0305,0.0095,0.311478,0.235535,0.076275,0.15926,True,Funds more growth than the price implies
TRV,Travelers Companies (The),Financials,Property & Casualty Insurance,76375998464.0,48979004531.0,7756904754.0,11480000512.0,33117122061.0,0.234386,0.158372,0.234226,9.8462,2.3062,0.101562,0.0137,0.134893,0.202631,0.044297,0.158334,True,Funds more growth than the price implies
TYL,Tyler Technologies,Information Technology,Application Software,15352187904.0,2429657036.0,310008703.0,458521984.0,3038822522.0,0.188719,0.127594,0.102016,49.5218,5.052,0.020193,0.0,0.0,0.102016,0.080913,0.021103,True,Funds more growth than the price implies
UBER,Uber,Industrials,Passenger Ground Transportation,156153708544.0,55226996502.0,9314073394.0,7473999872.0,27349881100.0,0.135332,0.168651,0.340553,16.7654,5.7095,0.059647,0.0,0.0,0.340553,0.063159,0.277394,True,Funds more growth than the price implies
ULTA,Ulta Beauty,Consumer Discretionary,Other Specialty Retail,23591006208.0,12955516754.0,1173692537.0,1934352000.0,2714030387.0,0.149307,0.090594,0.432454,20.0998,8.6922,0.049752,0.0,0.0,0.432454,0.067612,0.364842,False,Outside screen
UNP,Union Pacific Corporation,Industrials,Rail Transportation,172121505792.0,25410000364.0,7336832901.0,12883999744.0,19431021695.0,0.507044,0.288738,0.377583,23.4599,8.8581,0.042626,0.0195,0.457468,0.204851,0.070818,0.134033,True,Funds more growth than the price implies
UAL,United Airlines Holdings,Industrials,Passenger Airlines,35167129600.0,62901998129.0,3589741148.0,7090999808.0,16696191443.0,0.112731,0.057069,0.215004,9.7966,2.1063,0.102077,0.0,0.0,0.215004,0.044066,0.170938,True,Funds more growth than the price implies
URI,United Rentals,Industrials,Trading Companies & Distributors,60986433536.0,16832000638.0,2588665031.0,4690999808.0,9209896519.0,0.278695,0.153794,0.281074,23.559,6.6218,0.042447,0.008,0.188472,0.2281,0.070899,0.157201,True,Funds more growth than the price implies
UNH,UnitedHealth Group,Health Care,Managed Health Care,358732759040.0,450525987261.0,14101215144.0,26680999936.0,97641260022.0,0.059222,0.031299,0.144419,25.4398,3.674,0.039308,0.0234,0.595292,0.058447,0.072311,-0.013864,True,Broadly consistent
UHS,Universal Health Services,Health Care,Health Care Facilities,9871277056.0,18114486722.0,1443944641.0,2699612928.0,7513816407.0,0.149031,0.079712,0.192172,6.8363,1.3138,0.146277,0.0047,0.032131,0.185997,0.024175,0.161822,True,Funds more growth than the price implies
VLO,Valero Energy,Energy,Oil & Gas Refining & Marketing,105407365120.0,132429997445.0,6898742026.0,13379000320.0,25000742408.0,0.101027,0.052093,0.275941,15.2792,4.2162,0.065448,0.0133,0.203214,0.219866,0.060548,0.159318,True,Funds more growth than the price implies
VLTO,Veralto,Industrials,Environmental & Facilities Services,23699150848.0,5696000038.0,967859571.0,1390000000.0,3091787279.0,0.244031,0.169919,0.313042,24.4861,7.6652,0.040839,0.0054,0.132225,0.27165,0.071622,0.200028,True,Funds more growth than the price implies
VZ,Verizon,Communication Services,Integrated Telecommunication Services,208652812288.0,138895004639.0,15912789149.0,51081998336.0,103919234993.0,0.367774,0.114567,0.153126,13.1123,2.0078,0.076264,0.0563,0.738221,0.040085,0.055681,-0.015596,True,Broadly consistent
VRTX,Vertex Pharmaceuticals,Health Care,Biotechnology,141114376192.0,12587200629.0,4359528101.0,5100499968.0,20256851988.0,0.405213,0.346346,0.215213,32.3692,6.9663,0.030894,0.0,0.0,0.215213,0.076098,0.139115,True,Funds more growth than the price implies
VICI,Vici Properties,Real Estate,Hotel & Resort REITs,28198594560.0,4097604360.0,2840779928.0,3639224064.0,29170845721.0,0.888135,0.693278,0.097384,9.9264,0.9667,0.100742,0.0705,0.699808,0.029234,0.044666,-0.015432,True,Broadly consistent
V,Visa Inc.,Financials,Transaction & Payment Processing Services,706490662912.0,44488000135.0,22255202701.0,31093999616.0,35231181085.0,0.69893,0.500252,0.63169,31.745,20.053,0.031501,0.0072,0.228564,0.487309,0.075825,0.411484,False,Outside screen
VST,Vistra Corp.,Utilities,Electric Utilities,48150228992.0,19212000118.0,1986960516.0,6646000128.0,3002928137.0,0.34593,0.103423,0.661674,24.2331,16.0344,0.041266,0.0067,0.162362,0.554244,0.07143,0.482813,False,Outside screen
VMC,Vulcan Materials Company,Materials,Construction Materials,34199715840.0,8115800006.0,1100123470.0,2340300032.0,8476393492.0,0.288363,0.135553,0.129787,31.0872,4.0347,0.032168,0.008,0.248697,0.097509,0.075525,0.021985,True,Funds more growth than the price implies
GWW,W. W. Grainger,Industrials,Industrial Machinery & Supplies & Components,60517646336.0,18845000178.0,1815741344.0,3216000000.0,4131035532.0,0.170655,0.096351,0.439537,33.3294,14.6495,0.030004,0.0076,0.253304,0.3282,0.076498,0.251702,False,Outside screen
WAB,Wabtec,Industrials,Construction Machinery & Heavy Transportation Equipment,47262945280.0,11980000091.0,1256696733.0,2651000064.0,11201492137.0,0.221285,0.1049,0.11219,37.6089,4.2193,0.026589,0.0044,0.165479,0.093625,0.078035,0.01559,True,Broadly consistent
WMT,Walmart,Consumer Staples,Consumer Staples Merchandise Retail,844272566272.0,735839994157.0,21964297134.0,44073000960.0,94287314864.0,0.059895,0.029849,0.232951,38.4384,8.9543,0.026016,0.0093,0.357477,0.149676,0.078293,0.071383,True,Funds more growth than the price implies
DIS,Walt Disney Company (The),Communication Services,Movies & Entertainment,186447659008.0,98860997258.0,8512566762.0,20963000320.0,109820748146.0,0.212045,0.086106,0.077513,21.9026,1.6977,0.045657,0.0141,0.308827,0.053575,0.069455,-0.015879,True,Broadly consistent
WM,Waste Management,Industrials,Environmental & Facilities Services,87553613824.0,25667000443.0,2817992045.0,7774000128.0,9918932509.0,0.302879,0.10979,0.284102,31.0695,8.8269,0.032186,0.0172,0.534395,0.132279,0.075516,0.056763,True,Funds more growth than the price implies
WAT,Waters Corporation,Health Care,Life Sciences Tools & Services,40472211456.0,4644285896.0,386852288.0,1452048000.0,15188958961.0,0.312653,0.083296,0.025469,104.6193,2.6646,0.009558,0.0,0.0,0.025469,0.085699,-0.060229,False,Outside screen
WST,West Pharmaceutical Services,Health Care,Health Care Supplies,24112846848.0,3326799795.0,550338448.0,912200000.0,2989140184.0,0.274197,0.165426,0.184113,43.8146,8.0668,0.022823,0.0026,0.113918,0.163139,0.079729,0.083409,True,Funds more growth than the price implies
WMB,Williams Companies,Energy,Oil & Gas Storage & Transportation,91933270016.0,12323000729.0,3070150449.0,7032999936.0,13156388188.0,0.570721,0.24914,0.233358,29.9442,6.9877,0.033395,0.0279,0.835444,0.038401,0.074972,-0.036572,True,Priced above what the balance sheet can fund
WTW,Willis Towers Watson,Financials,Insurance Brokers,31365640192.0,10101999673.0,1514741336.0,2816000000.0,7677073274.0,0.278757,0.149945,0.197307,20.7069,4.0856,0.048293,0.0115,0.23813,0.150322,0.068268,0.082054,True,Funds more growth than the price implies
XEL,Xcel Energy,Utilities,Multi-Utilities,47166136320.0,14616000548.0,2279915211.0,6122999808.0,24065909727.0,0.418924,0.155988,0.094736,20.6877,1.9599,0.048338,0.0312,0.645455,0.033588,0.068248,-0.03466,True,Priced above what the balance sheet can fund
XYL,Xylem Inc.,Industrials,Industrial Machinery & Supplies & Components,24922382336.0,9125999676.0,978309743.0,1978000000.0,11004233901.0,0.216743,0.1072,0.088903,25.4749,2.2648,0.039254,0.0161,0.410147,0.05244,0.072336,-0.019896,True,Broadly consistent
ZBRA,Zebra Technologies,Information Technology,Electronic Equipment & Instruments,16611245056.0,5846999970.0,526567621.0,1184000000.0,3429313340.0,0.202497,0.090058,0.153549,31.5463,4.8439,0.031699,0.0,0.0,0.153549,0.075735,0.077814,True,Funds more growth than the price implies
ZBH,Zimmer Biomet,Health Care,Health Care Equipment,18978400256.0,8508800404.0,785839287.0,2555000064.0,12632939282.0,0.300277,0.092356,0.062206,24.1505,1.5023,0.041407,0.0097,0.23426,0.047633,0.071367,-0.023734,True,Priced above what the balance sheet can fund
